timestamp_h,day_of_year,hour_of_day,day_of_week,solar_irradiance_wm2,wind_speed_ms,ambient_temp_c,humidity_pct,pv_output_kw,wind_output_kw,load_demand_kw,grid_tariff_inr_per_kwh,net_demand_kw,pv_ramp_kw,load_ramp_kw
0,0,0,0,0.0,6.2,5.29,79.47,0.0,13.448,160.45,3.75,147.002,0.0,0.0
1,0,1,0,0.0,6.5,5.04,72.54,0.0,17.677,160.318,3.75,142.641,0.0,-0.132
2,0,2,0,0.0,7.65,4.28,68.75,0.0,41.461,156.701,3.75,115.24,0.0,-3.617
3,0,3,0,0.0,7.91,4.54,85.88,0.0,48.706,158.414,3.75,109.708,0.0,1.713
4,0,4,0,0.0,7.41,3.37,72.92,0.0,35.268,166.724,3.75,131.456,0.0,8.31
5,0,5,0,0.0,6.83,4.34,75.11,0.0,23.142,179.143,3.75,156.001,0.0,12.419
6,0,6,0,0.0,6.68,5.54,69.4,0.0,20.555,182.714,8.2,162.159,0.0,3.571
7,0,7,0,112.61,6.81,6.34,79.05,56.306,22.807,213.098,8.2,133.985,56.306,30.384
8,0,8,0,266.92,7.05,7.14,64.37,133.458,27.24,237.395,8.2,76.697,77.152,24.297
9,0,9,0,408.35,6.91,8.77,61.07,204.176,24.615,237.916,6.1,9.125,70.718,0.521
10,0,10,0,554.54,6.83,9.74,62.22,277.269,23.147,242.301,6.1,-58.115,73.093,4.385
11,0,11,0,660.62,6.6,12.67,53.33,330.309,19.227,243.839,6.1,-105.697,53.04,1.538
12,0,12,0,693.83,6.37,13.3,44.67,346.916,15.721,222.142,6.1,-140.495,16.607,-21.697
13,0,13,0,690.57,6.56,13.57,47.52,345.286,18.616,201.285,6.1,-162.617,-1.63,-20.857
14,0,14,0,607.08,6.39,14.17,52.91,303.539,15.988,208.866,6.1,-110.661,-41.747,7.581
15,0,15,0,451.09,6.38,13.72,37.59,225.544,15.868,192.324,6.1,-49.088,-77.995,-16.542
16,0,16,0,290.93,7.0,16.14,35.7,145.466,26.334,202.253,6.1,30.453,-80.078,9.929
17,0,17,0,119.29,7.95,14.46,36.71,59.647,50.022,210.126,6.1,100.457,-85.819,7.873
18,0,18,0,0.0,6.91,12.38,45.54,0.0,24.66,237.75,9.5,213.09,-59.647,27.624
19,0,19,0,0.0,6.89,13.14,37.26,0.0,24.246,238.971,9.5,214.725,0.0,1.221
20,0,20,0,0.0,6.5,10.05,43.33,0.0,17.696,223.26,9.5,205.564,0.0,-15.711
21,0,21,0,0.0,6.75,7.48,40.6,0.0,21.668,199.428,9.5,177.76,0.0,-23.832
22,0,22,0,0.0,6.03,8.84,47.9,0.0,11.405,186.484,6.1,175.079,0.0,-12.944
23,0,23,0,0.0,6.15,5.52,57.07,0.0,12.85,176.774,6.1,163.924,0.0,-9.71
24,1,0,1,0.0,5.74,4.47,64.66,0.0,8.419,151.041,3.75,142.622,0.0,-25.733
25,1,1,1,0.0,5.88,4.05,79.76,0.0,9.859,151.092,3.75,141.233,0.0,0.051
26,1,2,1,0.0,5.28,4.77,75.54,0.0,4.853,153.57,3.75,148.717,0.0,2.478
27,1,3,1,0.0,5.32,3.22,68.85,0.0,5.132,161.475,3.75,156.343,0.0,7.905
28,1,4,1,0.0,4.77,1.96,70.63,0.0,2.265,161.677,3.75,159.412,0.0,0.202
29,1,5,1,0.0,4.97,4.66,82.57,0.0,3.142,176.435,3.75,173.293,0.0,14.758
30,1,6,1,0.0,6.0,4.37,79.08,0.0,11.076,180.294,8.2,169.218,0.0,3.859
31,1,7,1,132.11,5.66,8.46,69.31,66.057,7.705,227.171,8.2,153.409,66.057,46.877
32,1,8,1,303.3,5.41,7.65,62.34,151.65,5.761,222.908,8.2,65.497,85.593,-4.263
33,1,9,1,460.37,5.8,6.52,66.93,230.187,9.033,240.615,6.1,1.395,78.537,17.707
34,1,10,1,610.15,6.65,11.18,49.04,305.076,20.085,248.745,6.1,-76.416,74.889,8.13
35,1,11,1,726.62,6.86,14.53,52.18,363.311,23.742,236.159,6.1,-150.894,58.235,-12.586
36,1,12,1,751.6,7.22,15.33,58.64,375.798,30.945,226.851,6.1,-179.892,12.487,-9.308
37,1,13,1,694.06,6.4,16.59,42.09,347.032,16.178,211.272,6.1,-151.938,-28.766,-15.579
38,1,14,1,583.49,6.21,13.77,33.03,291.743,13.567,191.888,6.1,-113.422,-55.289,-19.384
39,1,15,1,458.47,5.91,16.29,38.14,229.235,10.144,198.965,6.1,-40.414,-62.508,7.077
40,1,16,1,298.93,5.22,14.13,32.18,149.465,4.507,188.421,6.1,34.449,-79.77,-10.544
41,1,17,1,128.73,5.79,14.66,27.32,64.367,8.982,228.507,6.1,155.158,-85.098,40.086
42,1,18,1,0.0,6.24,11.91,41.89,0.0,13.944,233.328,9.5,219.384,-64.367,4.821
43,1,19,1,0.0,5.58,11.43,47.56,0.0,7.048,236.695,9.5,229.647,0.0,3.367
44,1,20,1,0.0,6.6,9.94,43.13,0.0,19.235,210.746,9.5,191.511,0.0,-25.949
45,1,21,1,0.0,6.29,10.28,47.56,0.0,14.609,202.021,9.5,187.412,0.0,-8.725
46,1,22,1,0.0,6.54,8.61,49.23,0.0,18.236,199.915,6.1,181.679,0.0,-2.106
47,1,23,1,0.0,6.59,6.53,59.28,0.0,18.996,205.005,6.1,186.009,0.0,5.09
48,2,0,2,0.0,6.84,3.37,61.63,0.0,23.256,158.724,3.75,135.468,0.0,-46.281
49,2,1,2,0.0,6.15,3.66,63.08,0.0,12.803,158.148,3.75,145.345,0.0,-0.576
50,2,2,2,0.0,6.27,2.54,83.67,0.0,14.439,155.705,3.75,141.266,0.0,-2.443
51,2,3,2,0.0,6.05,4.28,77.12,0.0,11.668,148.245,3.75,136.577,0.0,-7.46
52,2,4,2,0.0,5.45,4.85,78.43,0.0,6.047,169.577,3.75,163.53,0.0,21.332
53,2,5,2,0.0,5.08,5.3,79.62,0.0,3.69,163.602,3.75,159.912,0.0,-5.975
54,2,6,2,0.0,5.25,4.08,76.95,0.0,4.685,178.045,8.2,173.36,0.0,14.443
55,2,7,2,118.86,5.31,2.95,66.66,59.428,5.075,196.046,8.2,131.543,59.428,18.001
56,2,8,2,277.6,5.4,5.56,66.64,138.801,5.719,232.434,8.2,87.914,79.373,36.388
57,2,9,2,460.33,5.26,10.94,58.56,230.166,4.762,237.943,6.1,3.015,91.365,5.509
58,2,10,2,579.89,5.59,10.3,57.63,289.947,7.125,244.423,6.1,-52.649,59.781,6.48
59,2,11,2,691.53,5.05,11.33,51.87,345.763,3.566,238.737,6.1,-110.592,55.816,-5.686
60,2,12,2,679.98,4.91,15.45,42.7,339.988,2.847,217.228,6.1,-125.607,-5.775,-21.509
61,2,13,2,644.37,5.3,15.95,32.88,322.187,5.006,205.424,6.1,-121.769,-17.801,-11.804
62,2,14,2,564.88,6.36,15.06,38.56,282.438,15.62,193.75,6.1,-104.308,-39.749,-11.674
63,2,15,2,444.63,6.25,14.88,34.46,222.316,14.083,183.737,6.1,-52.662,-60.122,-10.013
64,2,16,2,290.7,6.12,14.87,23.66,145.35,12.538,197.089,6.1,39.201,-76.966,13.352
65,2,17,2,126.66,5.71,14.7,38.73,63.331,8.182,205.311,6.1,133.798,-82.019,8.222
66,2,18,2,0.0,6.37,15.4,43.47,0.0,15.712,231.051,9.5,215.339,-63.331,25.74
67,2,19,2,0.0,6.32,12.74,56.03,0.0,15.119,236.304,9.5,221.185,0.0,5.253
68,2,20,2,0.0,6.48,11.66,42.65,0.0,17.302,213.741,9.5,196.439,0.0,-22.563
69,2,21,2,0.0,6.04,10.64,46.59,0.0,11.518,205.479,9.5,193.961,0.0,-8.262
70,2,22,2,0.0,6.04,6.28,48.34,0.0,11.508,203.188,6.1,191.68,0.0,-2.291
71,2,23,2,0.0,5.74,7.14,61.43,0.0,8.419,163.529,6.1,155.11,0.0,-39.659
72,3,0,3,0.0,6.4,4.67,66.21,0.0,16.218,152.213,3.75,135.995,0.0,-11.316
73,3,1,3,0.0,6.28,1.05,64.27,0.0,14.542,150.328,3.75,135.786,0.0,-1.885
74,3,2,3,0.0,6.48,0.92,71.27,0.0,17.409,159.876,3.75,142.467,0.0,9.548
75,3,3,3,0.0,6.81,2.05,62.45,0.0,22.783,157.007,3.75,134.224,0.0,-2.869
76,3,4,3,0.0,5.85,4.11,80.56,0.0,9.518,157.768,3.75,148.25,0.0,0.761
77,3,5,3,0.0,5.74,4.21,69.69,0.0,8.489,172.522,3.75,164.033,0.0,14.754
78,3,6,3,0.0,5.71,5.25,72.11,0.0,8.214,187.919,8.2,179.705,0.0,15.397
79,3,7,3,120.28,5.99,8.61,60.58,60.138,10.985,204.994,8.2,133.871,60.138,17.075
80,3,8,3,287.96,5.67,6.19,61.51,143.979,7.846,213.523,8.2,61.698,83.841,8.529
81,3,9,3,441.14,5.59,9.24,58.5,220.57,7.135,247.76,6.1,20.055,76.591,34.237
82,3,10,3,567.72,5.69,11.19,54.93,283.862,8.014,251.548,6.1,-40.328,63.292,3.788
83,3,11,3,647.17,5.88,11.39,52.7,323.587,9.865,229.919,6.1,-103.533,39.725,-21.629
84,3,12,3,650.24,6.64,13.55,53.63,325.122,19.907,223.271,6.1,-121.758,1.535,-6.648
85,3,13,3,638.2,6.47,12.55,45.25,319.101,17.121,208.471,6.1,-127.751,-6.021,-14.8
86,3,14,3,547.19,5.9,16.76,43.45,273.593,10.018,188.973,6.1,-94.638,-45.508,-19.498
87,3,15,3,423.43,6.51,14.45,44.36,211.717,17.787,179.565,6.1,-49.939,-61.876,-9.408
88,3,16,3,276.27,6.14,17.5,38.42,138.133,12.707,195.263,6.1,44.423,-73.584,15.698
89,3,17,3,119.68,6.77,14.43,35.46,59.84,21.975,210.584,6.1,128.769,-78.293,15.321
90,3,18,3,0.0,6.36,14.75,43.73,0.0,15.592,214.342,9.5,198.75,-59.84,3.758
91,3,19,3,0.0,5.57,12.21,47.3,0.0,6.997,231.864,9.5,224.867,0.0,17.522
92,3,20,3,0.0,5.68,10.79,48.89,0.0,7.914,232.842,9.5,224.928,0.0,0.978
93,3,21,3,0.0,6.71,8.57,41.1,0.0,21.001,214.077,9.5,193.076,0.0,-18.765
94,3,22,3,0.0,6.5,7.86,49.95,0.0,17.608,186.862,6.1,169.254,0.0,-27.215
95,3,23,3,0.0,6.03,6.65,58.53,0.0,11.47,156.23,6.1,144.76,0.0,-30.632
96,4,0,4,0.0,5.61,4.12,69.68,0.0,7.346,154.157,3.75,146.811,0.0,-2.073
97,4,1,4,0.0,6.25,3.96,69.01,0.0,14.19,150.285,3.75,136.095,0.0,-3.872
98,4,2,4,0.0,6.47,2.78,79.14,0.0,17.212,154.153,3.75,136.941,0.0,3.868
99,4,3,4,0.0,6.33,6.07,82.21,0.0,15.162,169.749,3.75,154.587,0.0,15.596
100,4,4,4,0.0,5.66,3.41,82.2,0.0,7.745,154.22,3.75,146.475,0.0,-15.529
101,4,5,4,0.0,5.85,5.97,81.55,0.0,9.555,148.563,3.75,139.008,0.0,-5.657
102,4,6,4,0.0,6.45,4.83,66.1,0.0,16.88,178.376,8.2,161.496,0.0,29.813
103,4,7,4,114.26,5.8,6.62,72.04,57.132,9.038,209.106,8.2,142.936,57.132,30.73
104,4,8,4,261.32,5.56,6.17,61.35,130.662,6.867,223.736,8.2,86.207,73.53,14.63
105,4,9,4,410.73,5.77,8.77,50.28,205.366,8.717,227.501,6.1,13.418,74.704,3.765
106,4,10,4,520.14,6.5,11.11,53.28,260.07,17.688,231.057,6.1,-46.701,54.704,3.556
107,4,11,4,598.88,7.94,14.21,57.77,299.438,49.558,234.845,6.1,-114.151,39.368,3.788
108,4,12,4,655.03,8.27,13.82,47.76,327.513,60.337,215.149,6.1,-172.701,28.075,-19.696
109,4,13,4,590.18,8.13,16.16,52.96,295.09,55.597,213.915,6.1,-136.772,-32.423,-1.234
110,4,14,4,528.22,7.62,15.87,38.74,264.108,40.488,194.442,6.1,-110.154,-30.982,-19.473
111,4,15,4,413.9,7.08,17.26,50.37,206.948,27.912,189.0,6.1,-45.86,-57.16,-5.442
112,4,16,4,260.06,6.08,15.03,36.07,130.029,12.071,194.064,6.1,51.964,-76.919,5.064
113,4,17,4,105.44,6.01,17.37,35.82,52.721,11.212,215.011,6.1,151.078,-77.308,20.947
114,4,18,4,0.0,6.36,12.97,30.0,0.0,15.56,225.653,9.5,210.093,-52.721,10.642
115,4,19,4,0.0,6.22,11.39,47.52,0.0,13.748,231.493,9.5,217.745,0.0,5.84
116,4,20,4,0.0,6.66,9.41,41.99,0.0,20.12,224.426,9.5,204.306,0.0,-7.067
117,4,21,4,0.0,7.42,12.11,45.94,0.0,35.559,206.249,9.5,170.69,0.0,-18.177
118,4,22,4,0.0,6.99,8.74,62.69,0.0,26.18,179.145,6.1,152.965,0.0,-27.104
119,4,23,4,0.0,6.89,5.91,67.13,0.0,24.3,164.687,6.1,140.387,0.0,-14.458
120,5,0,5,0.0,6.68,6.61,71.79,0.0,20.545,112.33,3.75,91.785,0.0,-52.357
121,5,1,5,0.0,6.38,4.98,66.97,0.0,15.959,132.54,3.75,116.581,0.0,20.21
122,5,2,5,0.0,7.04,5.91,72.01,0.0,27.047,106.508,3.75,79.461,0.0,-26.032
123,5,3,5,0.0,6.76,1.49,73.96,0.0,21.937,116.671,3.75,94.734,0.0,10.163
124,5,4,5,0.0,6.39,3.24,79.7,0.0,15.993,125.912,3.75,109.919,0.0,9.241
125,5,5,5,0.0,7.5,3.6,83.64,0.0,37.539,131.058,3.75,93.519,0.0,5.146
126,5,6,5,0.0,7.8,2.74,74.53,0.0,45.509,153.935,8.2,108.426,0.0,22.877
127,5,7,5,127.03,6.86,7.62,80.99,63.516,23.743,157.202,8.2,69.943,63.516,3.267
128,5,8,5,291.33,6.3,7.47,70.38,145.667,14.837,172.035,8.2,11.531,82.151,14.833
129,5,9,5,441.81,5.66,10.24,58.77,220.904,7.786,191.092,6.1,-37.598,75.237,19.057
130,5,10,5,568.05,4.95,13.73,59.97,284.025,3.033,203.098,6.1,-83.96,63.121,12.006
131,5,11,5,624.14,7.57,11.93,60.06,312.07,39.316,196.189,6.1,-155.197,28.045,-6.909
132,5,12,5,673.83,7.84,13.09,56.99,336.915,46.613,174.061,6.1,-209.467,24.845,-22.128
133,5,13,5,641.9,7.67,14.69,47.98,320.951,41.974,162.801,6.1,-200.124,-15.964,-11.26
134,5,14,5,529.66,8.03,16.33,37.83,264.829,52.424,154.221,6.1,-163.032,-56.122,-8.58
135,5,15,5,395.22,7.65,14.67,34.38,197.611,41.292,152.132,6.1,-86.771,-67.218,-2.089
136,5,16,5,258.47,9.04,14.39,38.46,129.234,90.458,148.934,6.1,-70.758,-68.377,-3.198
137,5,17,5,114.57,8.49,15.81,45.73,57.284,68.198,173.146,6.1,47.664,-71.95,24.212
138,5,18,5,0.0,8.09,14.05,40.28,0.0,54.425,176.958,9.5,122.533,-57.284,3.812
139,5,19,5,0.0,7.99,9.9,43.59,0.0,51.111,178.498,9.5,127.387,0.0,1.54
140,5,20,5,0.0,8.49,9.43,45.31,0.0,67.937,163.326,9.5,95.389,0.0,-15.172
141,5,21,5,0.0,7.55,11.15,47.86,0.0,38.887,161.421,9.5,122.534,0.0,-1.905
142,5,22,5,0.0,7.37,8.28,54.03,0.0,34.428,130.67,6.1,96.242,0.0,-30.751
143,5,23,5,0.0,7.51,5.44,60.99,0.0,37.779,128.028,6.1,90.249,0.0,-2.642
144,6,0,6,0.0,6.6,4.95,75.31,0.0,19.278,110.693,3.75,91.415,0.0,-17.335
145,6,1,6,0.0,6.34,4.21,67.7,0.0,15.291,118.023,3.75,102.732,0.0,7.33
146,6,2,6,0.0,6.49,4.48,72.64,0.0,17.534,132.043,3.75,114.509,0.0,14.02
147,6,3,6,0.0,6.94,1.76,69.13,0.0,25.198,124.297,3.75,99.099,0.0,-7.746
148,6,4,6,0.0,7.72,2.59,79.3,0.0,43.248,136.399,3.75,93.151,0.0,12.102
149,6,5,6,0.0,7.31,4.53,82.52,0.0,33.022,138.311,3.75,105.289,0.0,1.912
150,6,6,6,0.0,7.63,5.03,82.07,0.0,40.944,153.979,8.2,113.035,0.0,15.668
151,6,7,6,116.21,8.9,7.08,70.36,58.104,84.666,174.127,8.2,31.357,58.104,20.148
152,6,8,6,258.04,9.03,6.37,68.45,129.021,90.178,167.62,8.2,-51.579,70.917,-6.507
153,6,9,6,401.75,8.95,9.82,59.26,200.877,86.799,177.735,6.1,-109.941,71.856,10.115
154,6,10,6,528.07,7.96,12.26,58.17,264.034,50.115,193.489,6.1,-120.66,63.157,15.754
155,6,11,6,656.98,8.1,12.98,51.71,328.492,54.467,184.436,6.1,-198.523,64.458,-9.053
156,6,12,6,692.36,7.0,13.8,45.35,346.182,26.289,176.477,6.1,-195.994,17.69,-7.959
157,6,13,6,686.37,6.03,14.47,41.68,343.186,11.396,160.798,6.1,-193.784,-2.996,-15.679
158,6,14,6,584.33,6.46,14.19,40.39,292.163,17.049,148.691,6.1,-160.521,-51.023,-12.107
159,6,15,6,430.39,5.71,15.31,33.92,215.193,8.153,163.543,6.1,-59.803,-76.97,14.852
160,6,16,6,265.84,5.49,16.7,33.55,132.918,6.322,146.523,6.1,7.283,-82.275,-17.02
161,6,17,6,110.74,6.22,14.45,45.93,55.368,13.75,170.728,6.1,101.61,-77.55,24.205
162,6,18,6,0.0,5.53,12.57,53.94,0.0,6.659,179.059,9.5,172.4,-55.368,8.331
163,6,19,6,0.0,5.12,11.8,33.63,0.0,3.91,165.776,9.5,161.866,0.0,-13.283
164,6,20,6,0.0,5.35,11.19,37.44,0.0,5.339,166.413,9.5,161.074,0.0,0.637
165,6,21,6,0.0,6.81,8.95,44.08,0.0,22.818,155.217,9.5,132.399,0.0,-11.196
166,6,22,6,0.0,6.99,8.42,54.38,0.0,26.093,149.966,6.1,123.873,0.0,-5.251
167,6,23,6,0.0,7.87,7.02,65.55,0.0,47.542,129.412,6.1,81.87,0.0,-20.554
168,7,0,0,0.0,8.59,6.26,68.55,0.0,71.97,146.632,3.75,74.662,0.0,17.22
169,7,1,0,0.0,9.82,5.95,70.17,0.0,130.598,136.333,3.75,5.735,0.0,-10.299
170,7,2,0,0.0,9.93,4.84,75.49,0.0,137.033,168.234,3.75,31.201,0.0,31.901
171,7,3,0,0.0,9.67,2.32,70.17,0.0,122.239,153.671,3.75,31.432,0.0,-14.563
172,7,4,0,0.0,8.66,2.56,73.54,0.0,74.791,163.603,3.75,88.812,0.0,9.932
173,7,5,0,0.0,8.62,4.15,74.2,0.0,72.923,165.948,3.75,93.025,0.0,2.345
174,7,6,0,0.0,8.34,4.66,62.82,0.0,62.706,180.18,8.2,117.474,0.0,14.232
175,7,7,0,112.12,8.15,5.07,62.17,56.058,56.229,218.978,8.2,106.691,56.058,38.798
176,7,8,0,282.07,7.96,7.36,58.27,141.036,50.241,206.508,8.2,15.231,84.978,-12.47
177,7,9,0,445.92,8.22,8.87,64.76,222.959,58.683,237.674,6.1,-43.968,81.923,31.166
178,7,10,0,578.53,8.62,10.19,56.47,289.266,72.913,230.903,6.1,-131.276,66.307,-6.771
179,7,11,0,674.4,7.46,12.06,53.49,337.198,36.575,232.657,6.1,-141.116,47.932,1.754
180,7,12,0,737.92,7.11,15.1,33.96,368.96,28.588,218.323,6.1,-179.225,31.762,-14.334
181,7,13,0,707.61,7.15,14.88,31.96,353.804,29.314,200.287,6.1,-182.831,-15.156,-18.036
182,7,14,0,602.77,7.52,18.2,41.66,301.387,37.975,196.532,6.1,-142.83,-52.417,-3.755
183,7,15,0,479.29,7.48,15.65,19.01,239.645,37.039,172.016,6.1,-104.668,-61.742,-24.516
184,7,16,0,307.91,8.45,14.89,42.35,153.954,66.438,196.104,6.1,-24.288,-85.691,24.088
185,7,17,0,136.48,8.47,14.64,24.74,68.241,67.326,210.585,6.1,75.018,-85.713,14.481
186,7,18,0,0.0,7.78,13.99,42.74,0.0,45.081,212.746,9.5,167.665,-68.241,2.161
187,7,19,0,0.0,8.03,12.96,35.53,0.0,52.314,240.257,9.5,187.943,0.0,27.511
188,7,20,0,0.0,7.97,13.49,51.29,0.0,50.533,216.555,9.5,166.022,0.0,-23.702
189,7,21,0,0.0,7.62,8.43,69.07,0.0,40.542,203.374,9.5,162.832,0.0,-13.181
190,7,22,0,0.0,6.9,8.92,41.36,0.0,24.476,181.265,6.1,156.789,0.0,-22.109
191,7,23,0,0.0,6.21,6.69,64.35,0.0,13.635,168.597,6.1,154.962,0.0,-12.668
192,8,0,1,0.0,5.77,3.36,54.15,0.0,8.749,157.408,3.75,148.659,0.0,-11.189
193,8,1,1,0.0,5.71,5.22,71.7,0.0,8.229,167.402,3.75,159.173,0.0,9.994
194,8,2,1,0.0,6.07,5.22,71.08,0.0,11.883,155.211,3.75,143.328,0.0,-12.191
195,8,3,1,0.0,6.7,2.46,75.1,0.0,20.918,161.417,3.75,140.499,0.0,6.206
196,8,4,1,0.0,6.17,3.68,69.53,0.0,13.097,172.937,3.75,159.84,0.0,11.52
197,8,5,1,0.0,5.54,2.22,79.0,0.0,6.706,171.832,3.75,165.126,0.0,-1.105
198,8,6,1,0.0,5.34,3.74,63.63,0.0,5.266,197.492,8.2,192.226,0.0,25.66
199,8,7,1,124.43,5.91,7.75,76.59,62.217,10.095,209.499,8.2,137.187,62.217,12.007
200,8,8,1,295.73,5.45,7.38,62.54,147.866,6.057,222.431,8.2,68.508,85.649,12.932
201,8,9,1,484.95,5.96,8.16,51.76,242.475,10.674,237.65,6.1,-15.499,94.609,15.219
202,8,10,1,628.61,6.38,11.32,64.57,314.307,15.927,225.412,6.1,-104.822,71.832,-12.238
203,8,11,1,734.9,6.86,11.86,49.42,367.452,23.754,237.635,6.1,-153.571,53.145,12.223
204,8,12,1,711.89,6.53,13.17,56.45,355.944,18.107,210.51,6.1,-163.541,-11.508,-27.125
205,8,13,1,678.95,6.36,15.57,48.19,339.474,15.628,194.645,6.1,-160.457,-16.47,-15.865
206,8,14,1,571.57,6.51,13.89,32.89,285.784,17.744,197.294,6.1,-106.234,-53.69,2.649
207,8,15,1,421.09,8.39,14.4,35.17,210.544,64.325,183.159,6.1,-91.71,-75.24,-14.135
208,8,16,1,261.42,7.86,15.47,35.73,130.709,47.305,198.066,6.1,20.052,-79.835,14.907
209,8,17,1,110.74,7.78,15.85,44.84,55.369,44.805,211.879,6.1,111.705,-75.34,13.813
210,8,18,1,0.0,8.47,15.22,40.3,0.0,67.486,224.517,9.5,157.031,-55.369,12.638
211,8,19,1,0.0,8.14,11.69,41.92,0.0,55.903,220.339,9.5,164.436,0.0,-4.178
212,8,20,1,0.0,7.82,12.17,43.8,0.0,46.029,227.938,9.5,181.909,0.0,7.599
213,8,21,1,0.0,7.36,8.55,49.52,0.0,34.223,204.038,9.5,169.815,0.0,-23.9
214,8,22,1,0.0,7.33,10.13,62.83,0.0,33.516,189.059,6.1,155.543,0.0,-14.979
215,8,23,1,0.0,6.81,5.13,60.2,0.0,22.782,159.248,6.1,136.466,0.0,-29.811
216,9,0,2,0.0,6.68,6.89,62.63,0.0,20.551,145.141,3.75,124.59,0.0,-14.107
217,9,1,2,0.0,6.44,3.56,65.76,0.0,16.763,156.02,3.75,139.257,0.0,10.879
218,9,2,2,0.0,6.87,6.16,69.0,0.0,23.773,156.627,3.75,132.854,0.0,0.607
219,9,3,2,0.0,6.79,4.25,65.91,0.0,22.384,145.945,3.75,123.561,0.0,-10.682
220,9,4,2,0.0,6.4,2.53,70.5,0.0,16.216,154.435,3.75,138.219,0.0,8.49
221,9,5,2,0.0,6.53,3.72,83.31,0.0,18.105,161.498,3.75,143.393,0.0,7.063
222,9,6,2,0.0,6.44,6.24,71.08,0.0,16.789,179.207,8.2,162.418,0.0,17.709
223,9,7,2,117.62,6.18,7.8,73.37,58.811,13.183,191.448,8.2,119.454,58.811,12.241
224,9,8,2,278.85,5.62,7.9,50.13,139.426,7.394,219.609,8.2,72.789,80.615,28.161
225,9,9,2,442.56,5.92,9.59,63.59,221.279,10.245,239.313,6.1,7.789,81.853,19.704
226,9,10,2,628.94,6.7,12.0,54.03,314.468,20.84,233.091,6.1,-102.217,93.189,-6.222
227,9,11,2,764.56,6.15,12.7,46.93,382.278,12.922,233.973,6.1,-161.227,67.81,0.882
228,9,12,2,769.5,5.98,12.23,46.09,384.752,10.923,220.527,6.1,-175.148,2.474,-13.446
229,9,13,2,722.94,6.17,13.76,37.88,361.469,13.064,215.558,6.1,-158.975,-23.283,-4.969
230,9,14,2,593.22,5.68,15.62,24.94,296.608,7.894,190.358,6.1,-114.144,-64.861,-25.2
231,9,15,2,446.01,5.18,17.0,41.21,223.005,4.272,186.979,6.1,-40.298,-73.603,-3.379
232,9,16,2,287.76,4.61,17.28,36.46,143.879,1.725,190.849,6.1,45.245,-79.126,3.87
233,9,17,2,127.41,4.06,15.67,33.8,63.704,0.487,201.133,6.1,136.942,-80.175,10.284
234,9,18,2,0.0,3.75,14.13,31.88,0.0,0.17,226.717,9.5,226.547,-63.704,25.584
235,9,19,2,0.0,3.82,13.44,32.04,0.0,0.226,225.91,9.5,225.684,0.0,-0.807
236,9,20,2,0.0,4.54,10.29,46.34,0.0,1.511,220.624,9.5,219.113,0.0,-5.286
237,9,21,2,0.0,5.17,9.36,59.5,0.0,4.198,214.427,9.5,210.229,0.0,-6.197
238,9,22,2,0.0,5.31,7.0,56.22,0.0,5.066,195.714,6.1,190.648,0.0,-18.713
239,9,23,2,0.0,5.93,5.04,51.88,0.0,10.399,155.219,6.1,144.82,0.0,-40.495
240,10,0,3,0.0,5.99,5.75,66.35,0.0,10.963,151.374,3.75,140.411,0.0,-3.845
241,10,1,3,0.0,5.4,4.62,68.82,0.0,5.69,148.669,3.75,142.979,0.0,-2.705
242,10,2,3,0.0,5.39,4.63,77.5,0.0,5.642,144.791,3.75,139.149,0.0,-3.878
243,10,3,3,0.0,5.55,4.25,77.96,0.0,6.795,154.554,3.75,147.759,0.0,9.763
244,10,4,3,0.0,5.57,4.09,57.09,0.0,6.973,144.581,3.75,137.608,0.0,-9.973
245,10,5,3,0.0,5.83,5.07,77.59,0.0,9.347,180.674,3.75,171.327,0.0,36.093
246,10,6,3,0.0,5.58,5.3,66.3,0.0,7.059,188.104,8.2,181.045,0.0,7.43
247,10,7,3,111.35,6.01,7.09,60.61,55.676,11.194,195.199,8.2,128.329,55.676,7.095
248,10,8,3,293.98,6.34,7.17,63.87,146.989,15.339,215.465,8.2,53.137,91.313,20.266
249,10,9,3,441.84,5.91,10.04,62.64,220.918,10.166,220.021,6.1,-11.063,73.929,4.556
250,10,10,3,568.81,6.64,11.95,45.16,284.405,19.9,236.245,6.1,-68.06,63.487,16.224
251,10,11,3,665.9,6.42,11.79,54.05,332.948,16.513,230.233,6.1,-119.228,48.543,-6.012
252,10,12,3,740.77,6.94,13.9,49.58,370.386,25.155,211.12,6.1,-184.421,37.438,-19.113
253,10,13,3,681.7,6.86,14.04,41.14,340.848,23.598,212.799,6.1,-151.647,-29.538,1.679
254,10,14,3,586.13,6.14,14.76,32.47,293.063,12.726,204.964,6.1,-100.825,-47.785,-7.835
255,10,15,3,462.79,5.68,14.25,29.81,231.397,7.9,190.871,6.1,-48.426,-61.666,-14.093
256,10,16,3,298.62,6.72,16.91,41.16,149.312,21.178,194.665,6.1,24.175,-82.085,3.794
257,10,17,3,124.81,6.59,16.07,26.61,62.405,18.982,213.174,6.1,131.787,-86.907,18.509
258,10,18,3,0.0,6.9,14.48,44.07,0.0,24.434,221.756,9.5,197.322,-62.405,8.582
259,10,19,3,0.0,6.84,14.96,39.87,0.0,23.222,217.751,9.5,194.529,0.0,-4.005
260,10,20,3,0.0,6.51,10.92,44.42,0.0,17.795,214.399,9.5,196.604,0.0,-3.352
261,10,21,3,0.0,7.24,13.23,39.58,0.0,31.305,201.334,9.5,170.029,0.0,-13.065
262,10,22,3,0.0,6.91,7.77,54.12,0.0,24.586,186.568,6.1,161.982,0.0,-14.766
263,10,23,3,0.0,7.01,6.9,63.86,0.0,26.633,168.031,6.1,141.398,0.0,-18.537
264,11,0,4,0.0,6.4,4.93,56.98,0.0,16.202,147.497,3.75,131.295,0.0,-20.534
265,11,1,4,0.0,6.01,4.9,72.13,0.0,11.274,134.286,3.75,123.012,0.0,-13.211
266,11,2,4,0.0,7.18,4.86,72.85,0.0,30.148,153.422,3.75,123.274,0.0,19.136
267,11,3,4,0.0,7.62,3.52,70.46,0.0,40.594,151.568,3.75,110.974,0.0,-1.854
268,11,4,4,0.0,8.53,5.99,80.13,0.0,69.725,178.405,3.75,108.68,0.0,26.837
269,11,5,4,0.0,9.12,4.74,61.1,0.0,94.389,165.436,3.75,71.047,0.0,-12.969
270,11,6,4,0.0,9.03,5.73,74.4,0.0,90.232,186.098,8.2,95.866,0.0,20.662
271,11,7,4,123.32,9.09,5.56,78.86,61.659,93.142,224.233,8.2,69.432,61.659,38.135
272,11,8,4,289.1,9.45,8.6,73.64,144.548,110.305,221.133,8.2,-33.72,82.889,-3.1
273,11,9,4,486.69,8.73,9.49,62.52,243.344,77.345,232.503,6.1,-88.186,98.796,11.37
274,11,10,4,661.44,7.97,10.48,53.19,330.721,50.48,230.246,6.1,-150.955,87.377,-2.257
275,11,11,4,763.13,7.06,11.72,46.01,381.565,27.498,245.718,6.1,-163.345,50.844,15.472
276,11,12,4,770.53,7.07,17.1,43.18,385.264,27.671,211.877,6.1,-201.058,3.699,-33.841
277,11,13,4,704.37,6.53,14.53,44.12,352.185,18.151,209.47,6.1,-160.866,-33.079,-2.407
278,11,14,4,633.52,6.5,13.7,32.84,316.758,17.693,190.459,6.1,-143.992,-35.427,-19.011
279,11,15,4,487.49,6.31,14.81,40.23,243.743,14.932,189.082,6.1,-69.593,-73.015,-1.377
280,11,16,4,313.29,6.52,15.39,47.8,156.643,18.019,185.211,6.1,10.549,-87.1,-3.871
281,11,17,4,124.56,5.86,15.5,35.31,62.28,9.647,219.898,6.1,147.971,-94.363,34.687
282,11,18,4,0.0,6.16,14.56,29.61,0.0,12.973,219.118,9.5,206.145,-62.28,-0.78
283,11,19,4,0.0,5.49,13.46,32.79,0.0,6.366,216.104,9.5,209.738,0.0,-3.014
284,11,20,4,0.0,5.37,10.43,49.66,0.0,5.463,229.076,9.5,223.613,0.0,12.972
285,11,21,4,0.0,5.8,10.06,49.47,0.0,9.023,199.147,9.5,190.124,0.0,-29.929
286,11,22,4,0.0,5.46,7.05,60.26,0.0,6.122,186.783,6.1,180.661,0.0,-12.364
287,11,23,4,0.0,6.19,5.91,56.97,0.0,13.309,174.255,6.1,160.946,0.0,-12.528
288,12,0,5,0.0,7.18,4.37,69.98,0.0,30.155,117.233,3.75,87.078,0.0,-57.022
289,12,1,5,0.0,6.77,3.09,68.19,0.0,22.002,96.389,3.75,74.387,0.0,-20.844
290,12,2,5,0.0,6.93,5.19,67.93,0.0,24.971,120.782,3.75,95.811,0.0,24.393
291,12,3,5,0.0,6.18,4.54,71.91,0.0,13.245,117.091,3.75,103.846,0.0,-3.691
292,12,4,5,0.0,7.0,5.09,67.82,0.0,26.322,120.276,3.75,93.954,0.0,3.185
293,12,5,5,0.0,6.51,4.56,86.25,0.0,17.814,130.246,3.75,112.432,0.0,9.97
294,12,6,5,0.0,7.46,6.4,71.74,0.0,36.474,129.887,8.2,93.413,0.0,-0.359
295,12,7,5,117.53,7.27,4.6,73.01,58.767,32.002,158.378,8.2,67.609,58.767,28.491
296,12,8,5,280.86,6.69,9.19,61.78,140.428,20.749,159.914,8.2,-1.263,81.661,1.536
297,12,9,5,436.06,6.27,9.92,53.86,218.029,14.431,179.017,6.1,-53.443,77.601,19.103
298,12,10,5,533.51,7.18,12.02,53.6,266.756,30.035,186.519,6.1,-110.272,48.727,7.502
299,12,11,5,629.16,7.03,13.17,56.43,314.581,26.883,190.244,6.1,-151.22,47.825,3.725
300,12,12,5,706.45,7.48,12.77,41.88,353.226,37.081,165.493,6.1,-224.814,38.645,-24.751
301,12,13,5,639.27,7.45,13.11,35.63,319.636,36.249,171.918,6.1,-183.967,-33.59,6.425
302,12,14,5,576.03,7.71,14.65,38.61,288.017,43.052,158.696,6.1,-172.373,-31.619,-13.222
303,12,15,5,438.43,7.13,16.39,38.68,219.213,28.919,144.845,6.1,-103.287,-68.804,-13.851
304,12,16,5,279.72,7.0,16.33,44.86,139.86,26.272,144.083,6.1,-22.049,-79.353,-0.762
305,12,17,5,114.7,6.97,13.27,37.8,57.352,25.796,151.166,6.1,68.018,-82.508,7.083
306,12,18,5,0.0,6.8,12.78,41.54,0.0,22.632,174.373,9.5,151.741,-57.352,23.207
307,12,19,5,0.0,6.68,11.84,45.17,0.0,20.537,169.789,9.5,149.252,0.0,-4.584
308,12,20,5,0.0,7.49,10.84,38.08,0.0,37.294,180.015,9.5,142.721,0.0,10.226
309,12,21,5,0.0,8.07,8.08,44.04,0.0,53.738,152.634,9.5,98.896,0.0,-27.381
310,12,22,5,0.0,7.94,6.45,48.5,0.0,49.585,136.026,6.1,86.441,0.0,-16.608
311,12,23,5,0.0,7.09,5.73,52.18,0.0,28.196,132.199,6.1,104.003,0.0,-3.827
312,13,0,6,0.0,6.56,5.63,69.77,0.0,18.631,107.657,3.75,89.026,0.0,-24.542
313,13,1,6,0.0,6.67,3.16,70.88,0.0,20.35,113.734,3.75,93.384,0.0,6.077
314,13,2,6,0.0,6.04,3.84,72.8,0.0,11.551,122.808,3.75,111.257,0.0,9.074
315,13,3,6,0.0,5.7,5.04,58.76,0.0,8.097,118.527,3.75,110.43,0.0,-4.281
316,13,4,6,0.0,5.73,2.42,87.33,0.0,8.39,123.556,3.75,115.166,0.0,5.029
317,13,5,6,0.0,5.76,4.33,68.95,0.0,8.663,132.419,3.75,123.756,0.0,8.863
318,13,6,6,0.0,5.79,6.76,84.63,0.0,8.977,128.851,8.2,119.874,0.0,-3.568
319,13,7,6,129.46,5.19,6.27,60.45,64.728,4.317,159.567,8.2,90.522,64.728,30.716
320,13,8,6,311.08,4.88,7.53,60.13,155.541,2.716,171.664,8.2,13.407,90.813,12.097
321,13,9,6,481.68,5.7,11.17,46.96,240.839,8.079,187.975,6.1,-60.943,85.298,16.311
322,13,10,6,647.51,5.64,10.96,57.17,323.756,7.611,189.634,6.1,-141.733,82.917,1.659
323,13,11,6,757.59,6.97,14.1,43.22,378.794,25.805,179.564,6.1,-225.035,55.038,-10.07
324,13,12,6,818.92,6.35,14.53,38.56,409.462,15.446,179.862,6.1,-245.046,30.668,0.298
325,13,13,6,782.83,6.62,14.56,32.62,391.417,19.54,157.547,6.1,-253.41,-18.045,-22.315
326,13,14,6,637.9,6.36,16.14,42.34,318.948,15.641,152.705,6.1,-181.884,-72.469,-4.842
327,13,15,6,485.41,6.16,16.16,39.95,242.707,13.012,145.406,6.1,-110.313,-76.241,-7.299
328,13,16,6,295.47,6.95,16.79,45.87,147.734,25.392,156.249,6.1,-16.877,-94.973,10.843
329,13,17,6,123.03,8.33,14.31,31.57,61.517,62.299,159.282,6.1,35.466,-86.217,3.033
330,13,18,6,0.0,8.78,14.06,38.99,0.0,79.297,184.931,9.5,105.634,-61.517,25.649
331,13,19,6,0.0,9.41,12.7,33.12,0.0,108.374,191.369,9.5,82.995,0.0,6.438
332,13,20,6,0.0,9.23,12.17,42.99,0.0,99.396,176.968,9.5,77.572,0.0,-14.401
333,13,21,6,0.0,9.58,8.54,46.71,0.0,117.314,169.99,9.5,52.676,0.0,-6.978
334,13,22,6,0.0,8.48,9.44,57.79,0.0,67.82,130.545,6.1,62.725,0.0,-39.445
335,13,23,6,0.0,8.19,7.33,66.28,0.0,57.64,118.62,6.1,60.98,0.0,-11.925
336,14,0,0,0.0,7.91,4.01,70.95,0.0,48.801,142.107,3.75,93.306,0.0,23.487
337,14,1,0,0.0,7.34,6.09,64.09,0.0,33.624,145.675,3.75,112.051,0.0,3.568
338,14,2,0,0.0,6.88,6.72,78.31,0.0,24.109,145.363,3.75,121.254,0.0,-0.312
339,14,3,0,0.0,6.85,5.04,74.05,0.0,23.492,137.224,3.75,113.732,0.0,-8.139
340,14,4,0,0.0,6.05,5.75,73.05,0.0,11.73,165.967,3.75,154.237,0.0,28.743
341,14,5,0,0.0,6.25,4.74,70.07,0.0,14.1,184.46,3.75,170.36,0.0,18.493
342,14,6,0,0.0,5.63,3.6,68.96,0.0,7.471,192.33,8.2,184.859,0.0,7.87
343,14,7,0,120.77,5.34,4.62,79.6,60.384,5.272,208.715,8.2,143.059,60.384,16.385
344,14,8,0,301.18,5.54,8.59,66.84,150.59,6.767,219.681,8.2,62.324,90.206,10.966
345,14,9,0,437.97,5.3,9.13,61.22,218.985,4.978,224.487,6.1,0.524,68.395,4.806
346,14,10,0,559.95,6.84,10.29,53.43,279.974,23.251,236.869,6.1,-66.356,60.989,12.382
347,14,11,0,663.07,6.82,12.76,64.5,331.535,23.013,248.52,6.1,-106.028,51.561,11.651
348,14,12,0,656.11,6.89,14.82,52.83,328.056,24.243,216.613,6.1,-135.686,-3.479,-31.907
349,14,13,0,667.87,6.03,13.29,36.53,333.933,11.491,200.81,6.1,-144.614,5.877,-15.803
350,14,14,0,588.33,6.99,15.09,36.04,294.163,26.192,201.595,6.1,-118.76,-39.77,0.785
351,14,15,0,465.73,6.84,17.65,34.4,232.867,23.386,198.503,6.1,-57.75,-61.296,-3.092
352,14,16,0,290.3,6.37,14.34,35.88,145.149,15.703,188.289,6.1,27.437,-87.718,-10.214
353,14,17,0,126.81,6.1,16.08,31.47,63.404,12.226,205.434,6.1,129.804,-81.745,17.145
354,14,18,0,0.0,6.69,13.5,40.31,0.0,20.692,215.603,9.5,194.911,-63.404,10.169
355,14,19,0,0.0,7.73,13.49,49.57,0.0,43.596,224.625,9.5,181.029,0.0,9.022
356,14,20,0,0.0,7.56,12.71,37.12,0.0,38.903,226.179,9.5,187.276,0.0,1.554
357,14,21,0,0.0,6.98,10.73,43.05,0.0,25.911,195.167,9.5,169.256,0.0,-31.012
358,14,22,0,0.0,6.37,9.37,52.1,0.0,15.813,191.391,6.1,175.578,0.0,-3.776
359,14,23,0,0.0,5.52,5.45,57.56,0.0,6.558,167.033,6.1,160.475,0.0,-24.358
360,15,0,1,0.0,5.5,7.0,76.99,0.0,6.434,162.91,3.75,156.476,0.0,-4.123
361,15,1,1,0.0,6.6,3.68,75.15,0.0,19.279,147.515,3.75,128.236,0.0,-15.395
362,15,2,1,0.0,6.88,4.42,77.99,0.0,24.021,145.788,3.75,121.767,0.0,-1.727
363,15,3,1,0.0,6.42,4.21,72.73,0.0,16.426,154.565,3.75,138.139,0.0,8.777
364,15,4,1,0.0,6.53,4.69,73.28,0.0,18.147,153.646,3.75,135.499,0.0,-0.919
365,15,5,1,0.0,6.38,5.11,65.61,0.0,15.88,152.426,3.75,136.546,0.0,-1.22
366,15,6,1,0.0,6.35,4.65,77.01,0.0,15.466,179.681,8.2,164.215,0.0,27.255
367,15,7,1,123.02,6.57,5.28,72.09,61.511,18.671,197.457,8.2,117.275,61.511,17.776
368,15,8,1,291.67,6.07,9.4,72.72,145.835,11.895,204.562,8.2,46.832,84.324,7.105
369,15,9,1,470.88,6.51,10.13,58.91,235.44,17.867,230.041,6.1,-23.266,89.605,25.479
370,15,10,1,611.06,7.66,12.84,54.15,305.531,41.681,219.132,6.1,-128.08,70.091,-10.909
371,15,11,1,733.85,6.69,12.85,50.84,366.925,20.673,228.286,6.1,-159.312,61.394,9.154
372,15,12,1,783.75,6.91,12.46,50.35,391.876,24.662,220.803,6.1,-195.735,24.951,-7.483
373,15,13,1,762.68,7.0,16.26,32.04,381.342,26.419,204.69,6.1,-203.071,-10.534,-16.113
374,15,14,1,666.32,6.3,15.25,42.1,333.162,14.8,188.943,6.1,-159.019,-48.18,-15.747
375,15,15,1,523.43,6.4,16.31,35.56,261.716,16.174,187.934,6.1,-89.956,-71.446,-1.009
376,15,16,1,327.14,6.14,14.92,28.65,163.57,12.716,188.289,6.1,12.003,-98.146,0.355
377,15,17,1,128.77,6.71,17.07,23.17,64.384,21.055,207.068,6.1,121.629,-99.186,18.779
378,15,18,1,0.0,7.09,13.09,36.86,0.0,28.146,219.507,9.5,191.361,-64.384,12.439
379,15,19,1,0.0,8.21,12.5,49.54,0.0,58.214,216.278,9.5,158.064,0.0,-3.229
380,15,20,1,0.0,8.01,11.59,55.05,0.0,51.771,218.922,9.5,167.151,0.0,2.644
381,15,21,1,0.0,7.07,8.59,51.96,0.0,27.643,203.163,9.5,175.52,0.0,-15.759
382,15,22,1,0.0,6.25,8.75,66.77,0.0,14.162,180.866,6.1,166.704,0.0,-22.297
383,15,23,1,0.0,5.66,8.84,59.92,0.0,7.743,185.153,6.1,177.41,0.0,4.287
384,16,0,2,0.0,5.58,5.14,70.72,0.0,7.071,142.796,3.75,135.725,0.0,-42.357
385,16,1,2,0.0,6.31,5.25,66.43,0.0,14.889,142.349,3.75,127.46,0.0,-0.447
386,16,2,2,0.0,6.18,0.88,69.23,0.0,13.217,142.799,3.75,129.582,0.0,0.45
387,16,3,2,0.0,5.53,3.93,70.25,0.0,6.648,141.806,3.75,135.158,0.0,-0.993
388,16,4,2,0.0,6.29,3.8,62.64,0.0,14.614,161.42,3.75,146.806,0.0,19.614
389,16,5,2,0.0,6.99,3.79,82.04,0.0,26.147,160.859,3.75,134.712,0.0,-0.561
390,16,6,2,0.0,6.27,7.03,68.47,0.0,14.415,176.584,8.2,162.169,0.0,15.725
391,16,7,2,107.66,6.33,6.58,64.33,53.831,15.218,194.676,8.2,125.627,53.831,18.092
392,16,8,2,252.33,6.14,8.21,57.92,126.163,12.726,208.85,8.2,69.961,72.332,14.174
393,16,9,2,409.27,6.33,9.52,58.95,204.633,15.169,216.01,6.1,-3.792,78.47,7.16
394,16,10,2,553.32,7.24,9.22,65.58,276.661,31.388,231.346,6.1,-76.703,72.028,15.336
395,16,11,2,645.62,6.79,11.61,62.39,322.809,22.363,237.447,6.1,-107.725,46.148,6.101
396,16,12,2,698.41,7.53,15.37,35.03,349.204,38.349,219.854,6.1,-167.699,26.395,-17.593
397,16,13,2,674.73,7.45,12.64,38.73,337.367,36.256,215.862,6.1,-157.761,-11.837,-3.992
398,16,14,2,597.25,7.41,14.85,31.47,298.627,35.196,197.734,6.1,-136.089,-38.74,-18.128
399,16,15,2,447.34,7.33,15.49,41.61,223.668,33.376,192.314,6.1,-64.73,-74.959,-5.42
400,16,16,2,283.8,7.32,17.86,36.72,141.898,33.118,209.111,6.1,34.095,-81.77,16.797
401,16,17,2,121.71,6.84,16.09,31.86,60.853,23.303,205.66,6.1,121.504,-81.045,-3.451
402,16,18,2,0.0,6.6,13.55,38.11,0.0,19.167,218.971,9.5,199.804,-60.853,13.311
403,16,19,2,0.0,7.21,14.54,37.99,0.0,30.78,222.801,9.5,192.021,0.0,3.83
404,16,20,2,0.0,6.8,10.64,54.69,0.0,22.666,228.561,9.5,205.895,0.0,5.76
405,16,21,2,0.0,7.72,11.18,53.11,0.0,43.257,200.563,9.5,157.306,0.0,-27.998
406,16,22,2,0.0,7.32,6.79,59.02,0.0,33.114,176.53,6.1,143.416,0.0,-24.033
407,16,23,2,0.0,7.24,8.26,44.17,0.0,31.322,170.05,6.1,138.728,0.0,-6.48
408,17,0,3,0.0,7.48,5.31,64.6,0.0,36.887,137.012,3.75,100.125,0.0,-33.038
409,17,1,3,0.0,8.27,3.61,81.64,0.0,60.18,148.469,3.75,88.289,0.0,11.457
410,17,2,3,0.0,7.37,3.99,80.28,0.0,34.4,149.103,3.75,114.703,0.0,0.634
411,17,3,3,0.0,7.83,4.38,63.24,0.0,46.309,147.663,3.75,101.354,0.0,-1.44
412,17,4,3,0.0,7.81,3.65,73.12,0.0,45.898,160.048,3.75,114.15,0.0,12.385
413,17,5,3,0.0,7.53,5.51,67.11,0.0,38.25,154.008,3.75,115.758,0.0,-6.04
414,17,6,3,0.0,7.32,5.1,82.59,0.0,33.262,181.954,8.2,148.692,0.0,27.946
415,17,7,3,108.02,6.63,7.79,70.61,54.012,19.704,194.755,8.2,121.039,54.012,12.801
416,17,8,3,269.03,6.2,9.02,60.39,134.514,13.454,239.056,8.2,91.088,80.502,44.301
417,17,9,3,446.82,5.8,9.97,60.38,223.408,9.041,230.658,6.1,-1.791,88.894,-8.398
418,17,10,3,581.39,5.61,11.07,39.36,290.693,7.319,229.659,6.1,-68.353,67.285,-0.999
419,17,11,3,703.98,5.97,13.23,43.31,351.989,10.771,218.826,6.1,-143.934,61.296,-10.833
420,17,12,3,736.75,6.31,14.95,45.22,368.374,14.863,228.146,6.1,-155.091,16.385,9.32
421,17,13,3,682.27,6.74,17.71,45.93,341.136,21.581,200.041,6.1,-162.676,-27.238,-28.105
422,17,14,3,579.86,7.28,16.97,26.03,289.932,32.256,184.889,6.1,-137.299,-51.204,-15.152
423,17,15,3,422.97,7.05,17.21,33.39,211.484,27.272,190.316,6.1,-48.44,-78.448,5.427
424,17,16,3,262.65,8.06,19.55,41.06,131.324,53.319,198.736,6.1,14.093,-80.16,8.42
425,17,17,3,111.24,6.94,15.86,26.97,55.62,25.209,210.965,6.1,130.136,-75.704,12.229
426,17,18,3,0.0,7.17,14.87,39.05,0.0,29.75,218.049,9.5,188.299,-55.62,7.084
427,17,19,3,0.0,7.21,13.89,41.25,0.0,30.816,223.578,9.5,192.762,0.0,5.529
428,17,20,3,0.0,6.52,10.39,55.29,0.0,17.969,217.496,9.5,199.527,0.0,-6.082
429,17,21,3,0.0,7.22,9.51,48.44,0.0,30.929,202.705,9.5,171.776,0.0,-14.791
430,17,22,3,0.0,7.66,7.88,53.97,0.0,41.757,184.636,6.1,142.879,0.0,-18.069
431,17,23,3,0.0,8.38,7.82,65.31,0.0,64.204,173.668,6.1,109.464,0.0,-10.968
432,18,0,4,0.0,7.61,5.67,57.04,0.0,40.299,143.613,3.75,103.314,0.0,-30.055
433,18,1,4,0.0,6.99,5.09,67.82,0.0,26.2,137.286,3.75,111.086,0.0,-6.327
434,18,2,4,0.0,6.83,5.63,69.59,0.0,23.076,144.252,3.75,121.176,0.0,6.966
435,18,3,4,0.0,6.2,5.15,73.49,0.0,13.515,154.814,3.75,141.299,0.0,10.562
436,18,4,4,0.0,6.14,4.13,80.09,0.0,12.781,140.818,3.75,128.037,0.0,-13.996
437,18,5,4,0.0,6.47,4.12,77.64,0.0,17.158,151.226,3.75,134.068,0.0,10.408
438,18,6,4,0.0,6.17,7.24,67.83,0.0,13.071,187.519,8.2,174.448,0.0,36.293
439,18,7,4,111.86,6.48,8.05,69.96,55.932,17.41,210.094,8.2,136.752,55.932,22.575
440,18,8,4,264.19,6.13,6.64,73.94,132.095,12.624,205.465,8.2,60.746,76.163,-4.629
441,18,9,4,424.1,5.89,9.74,55.19,212.051,9.935,229.609,6.1,7.623,79.956,24.144
442,18,10,4,563.86,7.0,11.87,55.87,281.929,26.248,230.613,6.1,-77.564,69.878,1.004
443,18,11,4,685.18,6.03,14.05,48.66,342.588,11.464,227.158,6.1,-126.894,60.659,-3.455
444,18,12,4,708.24,6.47,15.45,44.62,354.122,17.153,219.571,6.1,-151.704,11.534,-7.587
445,18,13,4,642.47,6.48,15.65,31.07,321.237,17.277,191.962,6.1,-146.552,-32.885,-27.609
446,18,14,4,583.48,6.42,16.61,46.14,291.742,16.534,181.857,6.1,-126.419,-29.495,-10.105
447,18,15,4,443.9,6.06,16.19,31.04,221.951,11.811,184.72,6.1,-49.042,-69.791,2.863
448,18,16,4,295.12,6.27,15.1,41.16,147.559,14.447,191.863,6.1,29.857,-74.392,7.143
449,18,17,4,126.89,6.06,15.0,31.95,63.444,11.758,196.341,6.1,121.139,-84.115,4.478
450,18,18,4,0.0,5.83,14.38,33.93,0.0,9.322,223.632,9.5,214.31,-63.444,27.291
451,18,19,4,0.0,5.64,13.08,48.14,0.0,7.561,218.376,9.5,210.815,0.0,-5.256
452,18,20,4,0.0,5.43,9.41,50.96,0.0,5.896,211.695,9.5,205.799,0.0,-6.681
453,18,21,4,0.0,4.87,9.64,51.08,0.0,2.673,201.746,9.5,199.073,0.0,-9.949
454,18,22,4,0.0,6.41,8.63,59.57,0.0,16.292,179.726,6.1,163.434,0.0,-22.02
455,18,23,4,0.0,6.13,6.78,58.45,0.0,12.618,171.176,6.1,158.558,0.0,-8.55
456,19,0,5,0.0,6.19,5.65,64.95,0.0,13.374,103.903,3.75,90.529,0.0,-67.273
457,19,1,5,0.0,6.35,5.58,65.17,0.0,15.432,100.703,3.75,85.271,0.0,-3.2
458,19,2,5,0.0,5.74,3.1,77.74,0.0,8.444,110.638,3.75,102.194,0.0,9.935
459,19,3,5,0.0,6.91,2.24,70.16,0.0,24.576,116.226,3.75,91.65,0.0,5.588
460,19,4,5,0.0,6.65,3.98,83.91,0.0,20.027,110.739,3.75,90.712,0.0,-5.487
461,19,5,5,0.0,6.15,5.91,72.42,0.0,12.874,117.624,3.75,104.75,0.0,6.885
462,19,6,5,0.0,5.74,7.98,72.44,0.0,8.487,141.62,8.2,133.133,0.0,23.996
463,19,7,5,114.63,5.67,8.13,73.69,57.313,7.794,147.916,8.2,82.809,57.313,6.296
464,19,8,5,260.6,5.71,6.88,65.14,130.301,8.207,156.091,8.2,17.583,72.988,8.175
465,19,9,5,406.5,5.6,9.91,58.39,203.248,7.194,185.718,6.1,-24.724,72.947,29.627
466,19,10,5,529.68,5.14,12.05,54.82,264.839,4.043,176.834,6.1,-92.048,61.591,-8.884
467,19,11,5,664.73,4.61,13.41,55.19,332.363,1.714,187.535,6.1,-146.542,67.524,10.701
468,19,12,5,725.56,5.27,15.08,41.02,362.778,4.797,169.138,6.1,-198.437,30.415,-18.397
469,19,13,5,669.81,5.93,14.29,40.1,334.903,10.336,159.737,6.1,-185.502,-27.875,-9.401
470,19,14,5,589.95,5.45,16.07,37.74,294.976,6.077,146.671,6.1,-154.382,-39.927,-13.066
471,19,15,5,447.23,5.76,16.7,40.87,223.616,8.622,124.333,6.1,-107.905,-71.36,-22.338
472,19,16,5,282.8,6.2,16.98,34.4,141.401,13.443,141.067,6.1,-13.777,-82.215,16.734
473,19,17,5,121.34,6.87,14.42,46.53,60.671,23.791,158.742,6.1,74.28,-80.73,17.675
474,19,18,5,0.0,7.51,14.02,36.74,0.0,37.724,171.974,9.5,134.25,-60.671,13.232
475,19,19,5,0.0,7.28,9.95,39.43,0.0,32.344,158.163,9.5,125.819,0.0,-13.811
476,19,20,5,0.0,7.05,11.0,43.97,0.0,27.283,166.881,9.5,139.598,0.0,8.718
477,19,21,5,0.0,7.31,9.56,41.92,0.0,33.046,146.207,9.5,113.161,0.0,-20.674
478,19,22,5,0.0,7.26,7.42,48.78,0.0,31.915,142.494,6.1,110.579,0.0,-3.713
479,19,23,5,0.0,6.71,7.39,56.99,0.0,20.947,127.796,6.1,106.849,0.0,-14.698
480,20,0,6,0.0,5.81,5.96,71.81,0.0,9.119,117.022,3.75,107.903,0.0,-10.774
481,20,1,6,0.0,6.65,2.36,68.94,0.0,20.042,120.12,3.75,100.078,0.0,3.098
482,20,2,6,0.0,6.34,4.73,69.41,0.0,15.392,116.488,3.75,101.096,0.0,-3.632
483,20,3,6,0.0,6.04,3.16,81.68,0.0,11.537,122.319,3.75,110.782,0.0,5.831
484,20,4,6,0.0,6.88,5.06,84.31,0.0,24.116,117.542,3.75,93.426,0.0,-4.777
485,20,5,6,0.0,6.75,3.54,81.85,0.0,21.764,150.969,3.75,129.205,0.0,33.427
486,20,6,6,0.0,6.19,6.06,67.2,0.0,13.336,130.039,8.2,116.703,0.0,-20.93
487,20,7,6,132.22,6.73,6.93,66.17,66.109,21.283,149.347,8.2,61.955,66.109,19.308
488,20,8,6,300.62,6.05,9.08,75.88,150.311,11.685,174.477,8.2,12.481,84.202,25.13
489,20,9,6,481.14,7.32,10.42,61.62,240.571,33.242,183.544,6.1,-90.269,90.26,9.067
490,20,10,6,646.03,7.22,11.52,53.39,323.017,30.865,185.304,6.1,-168.578,82.446,1.76
491,20,11,6,747.77,7.48,11.43,54.13,373.886,37.088,183.265,6.1,-227.709,50.869,-2.039
492,20,12,6,768.82,7.57,12.74,51.04,384.412,39.349,151.793,6.1,-271.968,10.526,-31.472
493,20,13,6,741.23,7.38,14.77,37.43,370.617,34.582,169.675,6.1,-235.524,-13.795,17.882
494,20,14,6,632.13,7.15,16.06,39.0,316.063,29.516,146.338,6.1,-199.241,-54.554,-23.337
495,20,15,6,498.03,7.12,15.54,41.24,249.016,28.748,155.155,6.1,-122.609,-67.047,8.817
496,20,16,6,296.15,6.67,16.82,28.04,148.074,20.376,133.494,6.1,-34.956,-100.942,-21.661
497,20,17,6,124.2,6.85,15.13,35.76,62.102,23.484,161.375,6.1,75.789,-85.972,27.881
498,20,18,6,0.0,6.32,13.36,30.99,0.0,15.118,164.099,9.5,148.981,-62.102,2.724
499,20,19,6,0.0,5.91,12.94,34.96,0.0,10.186,176.599,9.5,166.413,0.0,12.5
500,20,20,6,0.0,6.19,12.1,41.62,0.0,13.371,169.402,9.5,156.031,0.0,-7.197
501,20,21,6,0.0,6.86,10.66,52.69,0.0,23.648,157.702,9.5,134.054,0.0,-11.7
502,20,22,6,0.0,7.33,10.97,53.07,0.0,33.357,131.772,6.1,98.415,0.0,-25.93
503,20,23,6,0.0,6.66,6.47,56.29,0.0,20.125,127.156,6.1,107.031,0.0,-4.616
504,21,0,0,0.0,6.37,6.02,65.31,0.0,15.751,140.583,3.75,124.832,0.0,13.427
505,21,1,0,0.0,7.47,5.67,62.26,0.0,36.655,146.639,3.75,109.984,0.0,6.056
506,21,2,0,0.0,7.67,4.53,74.89,0.0,42.04,152.165,3.75,110.125,0.0,5.526
507,21,3,0,0.0,8.14,3.75,81.11,0.0,55.789,148.805,3.75,93.016,0.0,-3.36
508,21,4,0,0.0,7.93,2.7,74.52,0.0,49.213,143.667,3.75,94.454,0.0,-5.138
509,21,5,0,0.0,8.52,4.54,73.1,0.0,69.205,165.017,3.75,95.812,0.0,21.35
510,21,6,0,0.0,7.71,4.82,74.56,0.0,42.977,199.629,8.2,156.652,0.0,34.612
511,21,7,0,112.11,7.33,5.28,56.97,56.053,33.306,209.527,8.2,120.168,56.053,9.898
512,21,8,0,267.81,7.76,7.84,68.22,133.905,44.424,190.077,8.2,11.748,77.852,-19.45
513,21,9,0,422.81,7.32,9.1,78.79,211.405,33.074,227.493,6.1,-16.986,77.5,37.416
514,21,10,0,571.69,7.13,12.61,54.26,285.843,29.079,239.408,6.1,-75.514,74.438,11.915
515,21,11,0,670.27,6.79,14.07,49.11,335.134,22.458,225.963,6.1,-131.629,49.291,-13.445
516,21,12,0,720.08,6.4,13.51,49.46,360.04,16.175,211.72,6.1,-164.495,24.906,-14.243
517,21,13,0,671.87,6.99,15.24,50.73,335.933,26.132,198.561,6.1,-163.504,-24.107,-13.159
518,21,14,0,603.32,6.79,13.92,43.53,301.662,22.484,193.616,6.1,-130.53,-34.271,-4.945
519,21,15,0,489.39,6.83,15.76,22.75,244.693,23.173,176.454,6.1,-91.412,-56.969,-17.162
520,21,16,0,300.04,7.0,16.63,38.38,150.021,26.423,201.001,6.1,24.557,-94.672,24.547
521,21,17,0,123.31,6.61,16.54,51.11,61.653,19.436,203.268,6.1,122.179,-88.368,2.267
522,21,18,0,0.0,6.3,13.74,41.41,0.0,14.754,208.107,9.5,193.353,-61.653,4.839
523,21,19,0,0.0,6.85,14.61,33.93,0.0,23.549,228.949,9.5,205.4,0.0,20.842
524,21,20,0,0.0,7.01,10.09,46.69,0.0,26.499,200.999,9.5,174.5,0.0,-27.95
525,21,21,0,0.0,6.99,8.85,42.14,0.0,26.069,193.457,9.5,167.388,0.0,-7.542
526,21,22,0,0.0,6.17,9.65,62.4,0.0,13.156,174.747,6.1,161.591,0.0,-18.71
527,21,23,0,0.0,6.35,9.36,54.44,0.0,15.408,180.32,6.1,164.912,0.0,5.573
528,22,0,1,0.0,6.04,6.78,65.45,0.0,11.522,136.165,3.75,124.643,0.0,-44.155
529,22,1,1,0.0,6.76,5.19,64.0,0.0,21.827,125.057,3.75,103.23,0.0,-11.108
530,22,2,1,0.0,6.29,2.0,69.04,0.0,14.598,139.211,3.75,124.613,0.0,14.154
531,22,3,1,0.0,6.86,2.01,83.24,0.0,23.646,150.852,3.75,127.206,0.0,11.641
532,22,4,1,0.0,7.22,4.79,75.62,0.0,30.989,159.739,3.75,128.75,0.0,8.887
533,22,5,1,0.0,7.67,4.81,70.96,0.0,41.981,181.931,3.75,139.95,0.0,22.192
534,22,6,1,0.0,8.38,4.86,65.45,0.0,64.119,189.519,8.2,125.4,0.0,7.588
535,22,7,1,127.0,8.08,7.51,57.91,63.501,54.072,197.339,8.2,79.766,63.501,7.82
536,22,8,1,292.86,8.36,9.02,57.49,146.431,63.411,206.171,8.2,-3.671,82.93,8.832
537,22,9,1,478.17,8.75,11.57,60.85,239.084,78.078,239.373,6.1,-77.789,92.653,33.202
538,22,10,1,569.84,8.89,12.15,60.88,284.918,84.049,228.384,6.1,-140.583,45.834,-10.989
539,22,11,1,641.14,8.25,14.91,46.46,320.568,59.674,221.55,6.1,-158.692,35.65,-6.834
540,22,12,1,633.24,7.8,14.69,54.42,316.62,45.606,211.49,6.1,-150.736,-3.948,-10.06
541,22,13,1,593.92,8.46,15.49,36.55,296.96,67.139,190.143,6.1,-173.956,-19.66,-21.347
542,22,14,1,528.96,8.31,17.51,36.25,264.479,61.446,184.974,6.1,-140.951,-32.481,-5.169
543,22,15,1,408.94,8.69,15.26,29.2,204.472,75.656,183.282,6.1,-96.846,-60.007,-1.692
544,22,16,1,261.31,7.91,19.61,40.94,130.653,48.608,196.826,6.1,17.565,-73.819,13.544
545,22,17,1,111.69,7.63,16.08,48.27,55.846,40.95,200.068,6.1,103.272,-74.807,3.242
546,22,18,1,0.0,7.61,15.13,27.11,0.0,40.193,204.872,9.5,164.679,-55.846,4.804
547,22,19,1,0.0,7.94,14.06,38.78,0.0,49.734,206.538,9.5,156.804,0.0,1.666
548,22,20,1,0.0,7.69,14.24,52.59,0.0,42.548,214.468,9.5,171.92,0.0,7.93
549,22,21,1,0.0,7.57,11.39,41.14,0.0,39.219,197.952,9.5,158.733,0.0,-16.516
550,22,22,1,0.0,7.51,6.96,58.4,0.0,37.699,174.408,6.1,136.709,0.0,-23.544
551,22,23,1,0.0,7.26,9.12,67.51,0.0,31.844,158.994,6.1,127.15,0.0,-15.414
552,23,0,2,0.0,7.23,5.87,65.47,0.0,31.208,144.375,3.75,113.167,0.0,-14.619
553,23,1,2,0.0,6.88,5.45,72.44,0.0,23.983,153.041,3.75,129.058,0.0,8.666
554,23,2,2,0.0,6.98,3.19,82.89,0.0,25.894,137.241,3.75,111.347,0.0,-15.8
555,23,3,2,0.0,7.18,5.15,86.01,0.0,29.982,147.526,3.75,117.544,0.0,10.285
556,23,4,2,0.0,7.33,3.94,74.63,0.0,33.464,160.723,3.75,127.259,0.0,13.197
557,23,5,2,0.0,6.54,5.44,71.12,0.0,18.289,157.072,3.75,138.783,0.0,-3.651
558,23,6,2,0.0,5.73,5.94,66.8,0.0,8.393,177.662,8.2,169.269,0.0,20.59
559,23,7,2,114.04,6.19,9.83,75.0,57.019,13.421,195.009,8.2,124.569,57.019,17.347
560,23,8,2,270.26,6.18,11.35,56.77,135.132,13.189,202.242,8.2,53.921,78.113,7.233
561,23,9,2,433.24,5.92,10.58,58.66,216.618,10.296,227.124,6.1,0.21,81.486,24.882
562,23,10,2,568.64,7.22,12.15,55.62,284.318,30.977,230.967,6.1,-84.328,67.7,3.843
563,23,11,2,640.5,6.61,13.07,46.81,320.249,19.438,230.651,6.1,-109.036,35.931,-0.316
564,23,12,2,698.27,6.51,16.09,46.68,349.133,17.776,204.758,6.1,-162.151,28.884,-25.893
565,23,13,2,687.9,6.13,15.32,56.24,343.948,12.67,199.706,6.1,-156.912,-5.185,-5.052
566,23,14,2,593.91,6.64,15.81,36.95,296.954,19.899,199.244,6.1,-117.609,-46.994,-0.462
567,23,15,2,446.29,7.3,17.69,33.07,223.143,32.646,201.273,6.1,-54.516,-73.811,2.029
568,23,16,2,291.03,6.94,15.67,41.09,145.514,25.206,200.712,6.1,29.992,-77.629,-0.561
569,23,17,2,124.6,6.7,15.67,37.12,62.299,20.862,193.214,6.1,110.053,-83.215,-7.498
570,23,18,2,0.0,6.23,12.86,46.32,0.0,13.87,218.046,9.5,204.176,-62.299,24.832
571,23,19,2,0.0,6.28,14.36,41.85,0.0,14.528,214.917,9.5,200.389,0.0,-3.129
572,23,20,2,0.0,6.33,14.4,43.51,0.0,15.132,214.494,9.5,199.362,0.0,-0.423
573,23,21,2,0.0,6.11,11.38,39.12,0.0,12.353,190.666,9.5,178.313,0.0,-23.828
574,23,22,2,0.0,6.64,10.72,45.28,0.0,19.812,164.657,6.1,144.845,0.0,-26.009
575,23,23,2,0.0,6.74,6.5,49.16,0.0,21.596,159.543,6.1,137.947,0.0,-5.114
576,24,0,3,0.0,6.86,6.65,67.28,0.0,23.681,146.67,3.75,122.989,0.0,-12.873
577,24,1,3,0.0,6.48,4.28,60.97,0.0,17.388,143.841,3.75,126.453,0.0,-2.829
578,24,2,3,0.0,7.17,4.54,79.85,0.0,29.801,146.322,3.75,116.521,0.0,2.481
579,24,3,3,0.0,8.22,5.53,74.5,0.0,58.444,148.153,3.75,89.709,0.0,1.831
580,24,4,3,0.0,7.96,4.93,73.53,0.0,50.276,155.884,3.75,105.608,0.0,7.731
581,24,5,3,0.0,7.93,3.72,69.26,0.0,49.3,167.081,3.75,117.781,0.0,11.197
582,24,6,3,0.0,7.27,4.79,76.05,0.0,32.065,175.115,8.2,143.05,0.0,8.034
583,24,7,3,108.43,7.6,5.95,64.32,54.215,40.131,195.454,8.2,101.108,54.215,20.339
584,24,8,3,266.54,7.52,9.64,59.09,133.271,38.04,226.11,8.2,54.799,79.056,30.656
585,24,9,3,455.0,7.18,13.08,67.31,227.499,30.061,226.309,6.1,-31.251,94.228,0.199
586,24,10,3,568.38,7.18,13.79,57.13,284.192,30.113,230.438,6.1,-83.867,56.693,4.129
587,24,11,3,638.59,7.19,11.33,48.41,319.294,30.342,226.428,6.1,-123.208,35.102,-4.01
588,24,12,3,679.77,6.44,16.55,48.85,339.887,16.68,211.937,6.1,-144.63,20.593,-14.491
589,24,13,3,693.32,7.3,16.93,40.91,346.662,32.609,195.61,6.1,-183.661,6.775,-16.327
590,24,14,3,575.87,7.22,14.55,39.98,287.934,30.826,189.356,6.1,-129.404,-58.728,-6.254
591,24,15,3,448.48,7.08,16.24,30.78,224.241,27.86,180.113,6.1,-71.988,-63.693,-9.243
592,24,16,3,305.49,6.59,17.72,47.42,152.743,19.081,188.798,6.1,16.974,-71.498,8.685
593,24,17,3,122.09,6.62,16.46,32.2,61.045,19.601,195.765,6.1,115.119,-91.698,6.967
594,24,18,3,0.0,6.13,13.28,47.02,0.0,12.593,214.729,9.5,202.136,-61.045,18.964
595,24,19,3,0.0,6.04,14.34,39.72,0.0,11.551,222.871,9.5,211.32,0.0,8.142
596,24,20,3,0.0,6.25,9.59,49.84,0.0,14.138,209.96,9.5,195.822,0.0,-12.911
597,24,21,3,0.0,6.91,10.34,54.23,0.0,24.553,180.251,9.5,155.698,0.0,-29.709
598,24,22,3,0.0,6.04,10.42,61.88,0.0,11.581,182.611,6.1,171.03,0.0,2.36
599,24,23,3,0.0,5.83,7.63,55.13,0.0,9.365,162.827,6.1,153.462,0.0,-19.784
600,25,0,4,0.0,5.47,5.85,71.45,0.0,6.192,132.567,3.75,126.375,0.0,-30.26
601,25,1,4,0.0,6.61,6.57,80.22,0.0,19.312,147.345,3.75,128.033,0.0,14.778
602,25,2,4,0.0,6.23,6.07,70.77,0.0,13.93,131.528,3.75,117.598,0.0,-15.817
603,25,3,4,0.0,6.01,6.27,74.53,0.0,11.217,154.394,3.75,143.177,0.0,22.866
604,25,4,4,0.0,6.12,5.95,71.86,0.0,12.515,151.78,3.75,139.265,0.0,-2.614
605,25,5,4,0.0,5.69,6.8,72.24,0.0,8.036,144.258,3.75,136.222,0.0,-7.522
606,25,6,4,0.0,5.73,7.33,82.59,0.0,8.373,178.264,8.2,169.891,0.0,34.006
607,25,7,4,126.48,7.21,8.01,63.12,63.238,30.815,191.02,8.2,96.967,63.238,12.756
608,25,8,4,280.04,6.56,9.25,59.35,140.019,18.571,207.141,8.2,48.551,76.781,16.121
609,25,9,4,450.55,5.8,10.41,69.84,225.274,9.07,218.669,6.1,-15.675,85.255,11.528
610,25,10,4,566.25,5.27,10.79,58.75,283.124,4.783,228.465,6.1,-59.442,57.85,9.796
611,25,11,4,662.57,5.53,12.55,62.55,331.285,6.703,221.12,6.1,-116.868,48.161,-7.345
612,25,12,4,660.28,6.35,14.6,42.3,330.142,15.454,198.255,6.1,-147.341,-1.143,-22.865
613,25,13,4,648.44,6.27,16.18,41.62,324.218,14.434,208.737,6.1,-129.915,-5.924,10.482
614,25,14,4,549.66,6.33,18.22,33.72,274.831,15.153,185.23,6.1,-104.754,-49.387,-23.507
615,25,15,4,405.62,6.09,16.65,36.54,202.81,12.158,177.811,6.1,-37.157,-72.021,-7.419
616,25,16,4,269.55,6.05,17.7,24.36,134.777,11.651,180.426,6.1,33.998,-68.033,2.615
617,25,17,4,116.67,6.74,17.19,39.79,58.337,21.559,207.714,6.1,127.818,-76.44,27.288
618,25,18,4,0.0,6.78,14.66,39.62,0.0,22.29,202.905,9.5,180.615,-58.337,-4.809
619,25,19,4,0.0,7.71,14.41,40.51,0.0,42.906,218.685,9.5,175.779,0.0,15.78
620,25,20,4,0.0,7.9,11.96,42.66,0.0,48.279,206.42,9.5,158.141,0.0,-12.265
621,25,21,4,0.0,8.03,12.28,44.46,0.0,52.276,191.589,9.5,139.313,0.0,-14.831
622,25,22,4,0.0,8.11,9.91,59.37,0.0,54.936,168.584,6.1,113.648,0.0,-23.005
623,25,23,4,0.0,8.2,6.27,53.15,0.0,58.029,156.47,6.1,98.441,0.0,-12.114
624,26,0,5,0.0,8.47,6.74,68.07,0.0,67.287,109.377,3.75,42.09,0.0,-47.093
625,26,1,5,0.0,7.84,7.57,81.59,0.0,46.779,111.691,3.75,64.912,0.0,2.314
626,26,2,5,0.0,7.42,4.77,81.23,0.0,35.492,104.735,3.75,69.243,0.0,-6.956
627,26,3,5,0.0,7.65,5.33,65.29,0.0,41.313,112.871,3.75,71.558,0.0,8.136
628,26,4,5,0.0,8.27,5.65,71.78,0.0,60.324,125.536,3.75,65.212,0.0,12.665
629,26,5,5,0.0,7.85,4.35,76.85,0.0,47.016,113.039,3.75,66.023,0.0,-12.497
630,26,6,5,0.0,7.33,7.16,71.9,0.0,33.465,137.514,8.2,104.049,0.0,24.475
631,26,7,5,131.82,6.62,6.12,60.75,65.909,19.581,143.518,8.2,58.028,65.909,6.004
632,26,8,5,304.64,5.96,8.48,67.31,152.319,10.63,156.182,8.2,-6.767,86.41,12.664
633,26,9,5,445.18,6.11,12.08,60.12,222.592,12.418,176.784,6.1,-58.226,70.273,20.602
634,26,10,5,575.35,5.78,12.77,66.49,287.677,8.885,174.155,6.1,-122.407,65.085,-2.629
635,26,11,5,659.46,6.65,13.42,48.3,329.728,20.082,165.297,6.1,-184.513,42.051,-8.858
636,26,12,5,688.89,6.11,15.57,52.01,344.446,12.344,176.374,6.1,-180.416,14.718,11.077
637,26,13,5,635.19,6.07,15.91,33.26,317.596,11.87,161.823,6.1,-167.643,-26.85,-14.551
638,26,14,5,568.73,6.46,16.6,31.51,284.365,17.035,130.155,6.1,-171.245,-33.231,-31.668
639,26,15,5,448.23,6.21,17.58,40.01,224.114,13.569,131.081,6.1,-106.602,-60.251,0.926
640,26,16,5,271.2,6.07,15.71,41.5,135.598,11.926,152.126,6.1,4.602,-88.516,21.045
641,26,17,5,119.34,7.4,16.03,29.94,59.672,35.075,154.508,6.1,59.761,-75.926,2.382
642,26,18,5,0.0,6.68,14.66,37.82,0.0,20.53,177.927,9.5,157.397,-59.672,23.419
643,26,19,5,0.0,6.73,11.89,32.57,0.0,21.363,174.215,9.5,152.852,0.0,-3.712
644,26,20,5,0.0,6.45,11.24,43.91,0.0,16.945,166.605,9.5,149.66,0.0,-7.61
645,26,21,5,0.0,5.97,12.67,54.85,0.0,10.789,144.135,9.5,133.346,0.0,-22.47
646,26,22,5,0.0,6.94,9.7,52.39,0.0,25.26,141.943,6.1,116.683,0.0,-2.192
647,26,23,5,0.0,7.03,6.2,58.68,0.0,26.857,115.374,6.1,88.517,0.0,-26.569
648,27,0,6,0.0,6.56,4.79,58.22,0.0,18.535,119.456,3.75,100.921,0.0,4.082
649,27,1,6,0.0,6.5,5.55,65.25,0.0,17.65,112.892,3.75,95.242,0.0,-6.564
650,27,2,6,0.0,6.86,6.96,82.87,0.0,23.73,104.124,3.75,80.394,0.0,-8.768
651,27,3,6,0.0,6.65,4.66,74.76,0.0,19.997,119.732,3.75,99.735,0.0,15.608
652,27,4,6,0.0,6.45,6.65,68.99,0.0,16.945,136.044,3.75,119.099,0.0,16.312
653,27,5,6,0.0,6.47,6.11,72.43,0.0,17.249,124.261,3.75,107.012,0.0,-11.783
654,27,6,6,0.0,6.13,7.2,62.74,0.0,12.625,141.599,8.2,128.974,0.0,17.338
655,27,7,6,133.02,5.37,6.28,63.06,66.509,5.459,147.265,8.2,75.297,66.509,5.666
656,27,8,6,302.42,6.31,10.45,73.16,151.211,14.952,164.846,8.2,-1.317,84.702,17.581
657,27,9,6,476.52,5.62,10.48,59.32,238.259,7.419,162.171,6.1,-83.507,87.048,-2.675
658,27,10,6,644.46,5.86,13.47,66.34,322.228,9.581,178.035,6.1,-153.774,83.969,15.864
659,27,11,6,730.35,5.37,12.9,49.25,365.173,5.445,174.912,6.1,-195.706,42.945,-3.123
660,27,12,6,717.39,4.94,15.34,44.78,358.695,3.026,179.728,6.1,-181.993,-6.478,4.816
661,27,13,6,686.57,5.14,16.5,44.7,343.285,4.008,139.689,6.1,-207.604,-15.41,-40.039
662,27,14,6,577.59,4.91,16.49,21.64,288.795,2.886,142.977,6.1,-148.704,-54.49,3.288
663,27,15,6,440.35,5.7,17.37,36.91,220.177,8.103,152.799,6.1,-75.481,-68.618,9.822
664,27,16,6,281.37,5.42,16.36,34.71,140.687,5.868,145.05,6.1,-1.505,-79.49,-7.749
665,27,17,6,112.66,6.23,15.3,44.6,56.332,13.901,154.996,6.1,84.763,-84.355,9.946
666,27,18,6,0.0,6.81,17.05,43.47,0.0,22.723,158.813,9.5,136.09,-56.332,3.817
667,27,19,6,0.0,7.72,15.14,34.06,0.0,43.313,161.37,9.5,118.057,0.0,2.557
668,27,20,6,0.0,7.65,11.52,52.45,0.0,41.468,149.163,9.5,107.695,0.0,-12.207
669,27,21,6,0.0,8.25,11.56,48.25,0.0,59.504,146.868,9.5,87.364,0.0,-2.295
670,27,22,6,0.0,7.52,8.44,49.57,0.0,38.063,129.727,6.1,91.664,0.0,-17.141
671,27,23,6,0.0,7.9,6.46,61.36,0.0,48.521,126.188,6.1,77.667,0.0,-3.539
672,28,0,0,0.0,7.36,7.98,63.78,0.0,34.142,133.086,3.75,98.944,0.0,6.898
673,28,1,0,0.0,7.86,3.74,78.37,0.0,47.157,136.191,3.75,89.034,0.0,3.105
674,28,2,0,0.0,7.91,6.29,74.36,0.0,48.806,137.955,3.75,89.149,0.0,1.764
675,28,3,0,0.0,7.73,4.67,75.55,0.0,43.639,144.476,3.75,100.837,0.0,6.521
676,28,4,0,0.0,7.71,4.93,80.4,0.0,43.005,146.792,3.75,103.787,0.0,2.316
677,28,5,0,0.0,7.66,6.27,80.88,0.0,41.56,152.614,3.75,111.054,0.0,5.822
678,28,6,0,0.0,7.09,7.43,77.02,0.0,28.217,176.108,8.2,147.891,0.0,23.494
679,28,7,0,127.75,7.14,6.99,77.66,63.876,29.173,201.254,8.2,108.205,63.876,25.146
680,28,8,0,308.84,8.01,10.29,68.65,154.422,51.757,210.929,8.2,4.75,90.546,9.675
681,28,9,0,493.0,7.87,11.11,61.18,246.501,47.653,217.894,6.1,-76.26,92.079,6.965
682,28,10,0,664.78,7.11,11.02,62.44,332.392,28.514,226.66,6.1,-134.246,85.891,8.766
683,28,11,0,746.73,7.59,13.77,49.28,373.364,39.69,206.795,6.1,-206.259,40.972,-19.865
684,28,12,0,765.06,7.06,16.88,45.2,382.531,27.475,210.287,6.1,-199.719,9.167,3.492
685,28,13,0,716.43,7.27,18.19,51.19,358.216,31.972,193.768,6.1,-196.42,-24.315,-16.519
686,28,14,0,636.97,6.47,17.63,47.41,318.485,17.255,178.218,6.1,-157.522,-39.731,-15.55
687,28,15,0,511.54,6.2,15.55,35.63,255.772,13.447,176.179,6.1,-93.04,-62.713,-2.039
688,28,16,0,318.34,5.44,17.36,32.28,159.172,5.995,184.655,6.1,19.488,-96.6,8.476
689,28,17,0,132.47,5.65,17.19,44.46,66.236,7.643,207.874,6.1,133.995,-92.936,23.219
690,28,18,0,0.0,5.74,16.09,42.48,0.0,8.464,220.321,9.5,211.857,-66.236,12.447
691,28,19,0,0.0,5.84,14.92,42.75,0.0,9.456,208.446,9.5,198.99,0.0,-11.875
692,28,20,0,0.0,6.4,12.97,43.07,0.0,16.197,205.254,9.5,189.057,0.0,-3.192
693,28,21,0,0.0,6.21,10.89,51.81,0.0,13.666,190.284,9.5,176.618,0.0,-14.97
694,28,22,0,0.0,5.92,8.69,54.87,0.0,10.24,182.468,6.1,172.228,0.0,-7.816
695,28,23,0,0.0,5.27,5.7,56.19,0.0,4.829,161.304,6.1,156.475,0.0,-21.164
696,29,0,1,0.0,5.48,7.24,65.77,0.0,6.252,139.757,3.75,133.505,0.0,-21.547
697,29,1,1,0.0,6.03,6.1,70.73,0.0,11.401,143.944,3.75,132.543,0.0,4.187
698,29,2,1,0.0,6.84,5.95,70.07,0.0,23.355,136.423,3.75,113.068,0.0,-7.521
699,29,3,1,0.0,6.18,3.47,79.74,0.0,13.184,155.385,3.75,142.201,0.0,18.962
700,29,4,1,0.0,5.66,6.05,82.73,0.0,7.756,150.602,3.75,142.846,0.0,-4.783
701,29,5,1,0.0,5.41,8.34,80.14,0.0,5.736,153.83,3.75,148.094,0.0,3.228
702,29,6,1,0.0,6.26,6.93,70.66,0.0,14.242,173.115,8.2,158.873,0.0,19.285
703,29,7,1,111.13,6.09,8.0,73.68,55.567,12.179,202.054,8.2,134.308,55.567,28.939
704,29,8,1,276.15,6.31,9.89,65.47,138.074,14.886,205.939,8.2,52.979,82.507,3.885
705,29,9,1,420.76,5.95,13.51,52.76,210.381,10.555,229.773,6.1,8.837,72.307,23.834
706,29,10,1,534.32,6.22,11.4,59.04,267.16,13.798,222.033,6.1,-58.925,56.779,-7.74
707,29,11,1,638.03,5.4,14.32,50.7,319.014,5.71,216.478,6.1,-108.246,51.854,-5.555
708,29,12,1,668.35,5.58,14.36,60.56,334.173,7.059,216.113,6.1,-125.119,15.159,-0.365
709,29,13,1,660.99,5.15,15.62,49.6,330.497,4.062,189.452,6.1,-145.107,-3.676,-26.661
710,29,14,1,576.72,6.25,16.81,41.95,288.36,14.145,191.77,6.1,-110.735,-42.137,2.318
711,29,15,1,457.01,5.88,18.69,37.18,228.504,9.809,184.521,6.1,-53.792,-59.856,-7.249
712,29,16,1,281.11,5.36,19.03,35.98,140.556,5.377,180.445,6.1,34.512,-87.948,-4.076
713,29,17,1,120.09,6.1,16.81,29.66,60.043,12.231,198.828,6.1,126.554,-80.513,18.383
714,29,18,1,0.0,5.55,14.87,27.25,0.0,6.808,206.628,9.5,199.82,-60.043,7.8
715,29,19,1,0.0,5.42,17.07,35.62,0.0,5.816,218.085,9.5,212.269,0.0,11.457
716,29,20,1,0.0,6.49,12.12,44.71,0.0,17.419,223.941,9.5,206.522,0.0,5.856
717,29,21,1,0.0,6.39,10.39,37.19,0.0,16.06,190.74,9.5,174.68,0.0,-33.201
718,29,22,1,0.0,6.86,7.39,51.73,0.0,23.643,179.791,6.1,156.148,0.0,-10.949
719,29,23,1,0.0,6.18,9.75,58.69,0.0,13.185,159.907,6.1,146.722,0.0,-19.884
720,30,0,2,0.0,5.9,8.09,63.71,0.0,10.087,138.835,3.75,128.748,0.0,-21.072
721,30,1,2,0.0,6.53,8.88,65.17,0.0,18.059,137.959,3.75,119.9,0.0,-0.876
722,30,2,2,0.0,6.0,3.71,70.27,0.0,11.129,133.957,3.75,122.828,0.0,-4.002
723,30,3,2,0.0,5.58,6.93,84.66,0.0,7.097,146.768,3.75,139.671,0.0,12.811
724,30,4,2,0.0,5.2,5.46,78.97,0.0,4.392,147.904,3.75,143.512,0.0,1.136
725,30,5,2,0.0,6.98,6.95,70.96,0.0,25.957,153.01,3.75,127.053,0.0,5.106
726,30,6,2,0.0,7.04,4.96,71.91,0.0,27.183,182.598,8.2,155.415,0.0,29.588
727,30,7,2,118.83,6.54,9.94,68.97,59.414,18.298,192.477,8.2,114.765,59.414,9.879
728,30,8,2,269.66,6.85,10.57,60.39,134.831,23.406,206.956,8.2,48.719,75.417,14.479
729,30,9,2,409.32,6.6,11.13,55.56,204.659,19.123,232.303,6.1,8.521,69.828,25.347
730,30,10,2,549.99,5.94,13.5,61.06,274.995,10.448,211.74,6.1,-73.703,70.336,-20.563
731,30,11,2,642.17,6.63,13.26,47.3,321.083,19.75,232.19,6.1,-108.643,46.088,20.45
732,30,12,2,692.21,7.02,14.72,38.43,346.105,26.693,203.231,6.1,-169.567,25.022,-28.959
733,30,13,2,661.18,7.31,15.82,40.6,330.59,32.888,197.611,6.1,-165.867,-15.515,-5.62
734,30,14,2,583.23,6.74,14.75,38.39,291.614,21.53,179.99,6.1,-133.154,-38.976,-17.621
735,30,15,2,452.73,7.0,18.21,23.85,226.363,26.272,173.839,6.1,-78.796,-65.251,-6.151
736,30,16,2,297.64,6.71,18.4,34.76,148.819,21.087,197.444,6.1,27.538,-77.544,23.605
737,30,17,2,130.07,6.72,15.53,40.89,65.035,21.126,213.716,6.1,127.555,-83.784,16.272
738,30,18,2,0.0,7.52,15.84,40.39,0.0,37.895,208.685,9.5,170.79,-65.035,-5.031
739,30,19,2,0.0,8.01,13.86,54.24,0.0,51.653,217.402,9.5,165.749,0.0,8.717
740,30,20,2,0.0,7.79,13.12,52.51,0.0,45.162,208.737,9.5,163.575,0.0,-8.665
741,30,21,2,0.0,7.47,10.42,58.52,0.0,36.773,207.032,9.5,170.259,0.0,-1.705
742,30,22,2,0.0,7.53,8.56,71.8,0.0,38.227,158.146,6.1,119.919,0.0,-48.886
743,30,23,2,0.0,7.85,9.44,64.73,0.0,46.811,162.301,6.1,115.49,0.0,4.155
744,31,0,3,0.0,7.93,6.96,65.98,0.0,49.369,132.456,3.75,83.087,0.0,-29.845
745,31,1,3,0.0,7.53,8.51,74.98,0.0,38.204,120.061,3.75,81.857,0.0,-12.395
746,31,2,3,0.0,6.72,5.54,68.97,0.0,21.243,137.556,3.75,116.313,0.0,17.495
747,31,3,3,0.0,6.61,4.17,74.96,0.0,19.4,158.487,3.75,139.087,0.0,20.931
748,31,4,3,0.0,5.79,6.95,71.11,0.0,8.894,144.564,3.75,135.67,0.0,-13.923
749,31,5,3,0.0,5.35,6.84,76.71,0.0,5.341,166.146,3.75,160.805,0.0,21.582
750,31,6,3,0.0,5.85,7.91,68.41,0.0,9.491,183.608,8.2,174.117,0.0,17.462
751,31,7,3,124.05,5.94,9.71,65.02,62.025,10.499,191.071,8.2,118.547,62.025,7.463
752,31,8,3,282.07,6.03,8.94,67.48,141.037,11.427,209.187,8.2,56.723,79.012,18.116
753,31,9,3,478.97,6.08,11.12,59.35,239.486,12.001,207.26,6.1,-44.227,98.449,-1.927
754,31,10,3,660.34,6.2,12.62,43.43,330.172,13.461,220.095,6.1,-123.538,90.686,12.835
755,31,11,3,783.36,6.48,12.73,41.09,391.679,17.27,228.671,6.1,-180.278,61.507,8.576
756,31,12,3,787.45,6.97,15.2,38.12,393.724,25.815,210.197,6.1,-209.342,2.045,-18.474
757,31,13,3,768.97,7.45,18.08,35.56,384.484,36.345,198.334,6.1,-222.495,-9.24,-11.863
758,31,14,3,675.28,7.08,17.36,40.17,337.642,28.004,185.266,6.1,-180.38,-46.842,-13.068
759,31,15,3,521.17,6.63,15.66,37.0,260.584,19.66,198.275,6.1,-81.969,-77.058,13.009
760,31,16,3,341.92,7.34,15.21,41.39,170.96,33.713,182.99,6.1,-21.683,-89.624,-15.285
761,31,17,3,146.17,6.79,18.47,40.2,73.087,22.364,211.179,6.1,115.728,-97.873,28.189
762,31,18,3,0.0,7.99,15.41,44.11,0.0,51.144,210.961,9.5,159.817,-73.087,-0.218
763,31,19,3,0.0,8.55,13.5,44.51,0.0,70.404,227.698,9.5,157.294,0.0,16.737
764,31,20,3,0.0,8.04,12.5,46.26,0.0,52.804,197.925,9.5,145.121,0.0,-29.773
765,31,21,3,0.0,8.23,9.5,56.42,0.0,58.726,194.149,9.5,135.423,0.0,-3.776
766,31,22,3,0.0,8.82,11.43,60.52,0.0,81.021,171.435,6.1,90.414,0.0,-22.714
767,31,23,3,0.0,7.76,7.81,62.43,0.0,44.289,159.975,6.1,115.686,0.0,-11.46
768,32,0,4,0.0,7.69,8.78,72.63,0.0,42.509,147.683,3.75,105.174,0.0,-12.292
769,32,1,4,0.0,7.98,6.25,55.07,0.0,50.723,141.568,3.75,90.845,0.0,-6.115
770,32,2,4,0.0,8.24,7.3,70.58,0.0,59.178,149.829,3.75,90.651,0.0,8.261
771,32,3,4,0.0,7.34,5.69,72.48,0.0,33.698,137.958,3.75,104.26,0.0,-11.871
772,32,4,4,0.0,7.36,6.61,81.92,0.0,34.183,142.83,3.75,108.647,0.0,4.872
773,32,5,4,0.0,6.65,7.05,83.75,0.0,20.066,159.523,3.75,139.457,0.0,16.693
774,32,6,4,0.0,6.94,7.89,63.62,0.0,25.142,173.246,8.2,148.104,0.0,13.723
775,32,7,4,143.83,6.26,8.8,77.61,71.917,14.202,189.176,8.2,103.057,71.917,15.93
776,32,8,4,323.21,6.21,9.55,57.97,161.605,13.555,199.999,8.2,24.839,89.688,10.823
777,32,9,4,510.05,6.15,13.68,53.33,255.024,12.826,229.991,6.1,-37.859,93.419,29.992
778,32,10,4,660.01,5.89,11.85,53.59,330.003,9.956,222.32,6.1,-117.639,74.979,-7.671
779,32,11,4,722.99,5.72,14.39,47.91,361.494,8.281,232.233,6.1,-137.542,31.491,9.913
780,32,12,4,753.2,5.32,15.64,35.65,376.6,5.165,209.254,6.1,-172.511,15.106,-22.979
781,32,13,4,716.62,5.23,17.06,44.76,358.311,4.554,200.062,6.1,-162.803,-18.289,-9.192
782,32,14,4,659.4,6.0,16.66,41.76,329.7,11.067,188.172,6.1,-152.595,-28.611,-11.89
783,32,15,4,517.75,7.54,17.76,42.01,258.875,38.471,173.663,6.1,-123.683,-70.825,-14.509
784,32,16,4,327.06,6.95,16.97,32.4,163.532,25.384,188.874,6.1,-0.042,-95.343,15.211
785,32,17,4,138.91,8.63,14.68,35.44,69.454,73.479,213.233,6.1,70.3,-94.078,24.359
786,32,18,4,0.0,9.49,15.64,37.5,0.0,112.367,211.346,9.5,98.979,-69.454,-1.887
787,32,19,4,0.0,9.32,13.06,50.99,0.0,103.741,220.784,9.5,117.043,0.0,9.438
788,32,20,4,0.0,9.23,10.85,27.99,0.0,99.273,212.717,9.5,113.444,0.0,-8.067
789,32,21,4,0.0,8.07,11.55,44.08,0.0,53.653,194.614,9.5,140.961,0.0,-18.103
790,32,22,4,0.0,7.86,10.41,55.03,0.0,47.323,175.611,6.1,128.288,0.0,-19.003
791,32,23,4,0.0,7.58,9.01,53.66,0.0,39.567,162.814,6.1,123.247,0.0,-12.797
792,33,0,5,0.0,7.13,7.93,63.45,0.0,29.027,113.385,3.75,84.358,0.0,-49.429
793,33,1,5,0.0,7.9,3.97,68.39,0.0,48.539,96.955,3.75,48.416,0.0,-16.43
794,33,2,5,0.0,7.84,4.06,68.37,0.0,46.722,110.939,3.75,64.217,0.0,13.984
795,33,3,5,0.0,9.07,7.86,74.71,0.0,92.157,110.019,3.75,17.862,0.0,-0.92
796,33,4,5,0.0,8.1,4.43,78.77,0.0,54.47,113.1,3.75,58.63,0.0,3.081
797,33,5,5,0.0,8.04,7.02,72.9,0.0,52.832,134.364,3.75,81.532,0.0,21.264
798,33,6,5,0.0,7.57,6.42,69.6,0.0,39.384,129.147,8.2,89.763,0.0,-5.217
799,33,7,5,133.01,7.99,8.58,68.15,66.505,51.01,137.163,8.2,19.648,66.505,8.016
800,33,8,5,302.94,7.35,9.17,64.96,151.469,33.966,167.916,8.2,-17.519,84.964,30.753
801,33,9,5,457.1,7.91,12.16,49.73,228.55,48.594,160.093,6.1,-117.051,77.081,-7.823
802,33,10,5,604.24,8.44,13.2,57.77,302.119,66.332,159.782,6.1,-208.669,73.569,-0.311
803,33,11,5,706.88,8.63,13.95,47.12,353.442,73.515,179.051,6.1,-247.906,51.323,19.269
804,33,12,5,772.88,8.8,14.47,52.57,386.442,80.281,163.974,6.1,-302.749,33.0,-15.077
805,33,13,5,762.93,8.17,17.0,44.4,381.465,56.787,155.379,6.1,-282.873,-4.977,-8.595
806,33,14,5,654.34,7.87,15.83,44.7,327.168,47.56,139.373,6.1,-235.355,-54.297,-16.006
807,33,15,5,479.09,7.36,18.0,29.62,239.545,34.161,129.151,6.1,-144.555,-87.623,-10.222
808,33,16,5,301.48,7.29,20.43,32.77,150.742,32.48,135.158,6.1,-48.064,-88.803,6.007
809,33,17,5,129.02,7.08,18.3,28.23,64.509,27.902,151.701,6.1,59.29,-86.233,16.543
810,33,18,5,0.0,6.87,16.59,33.45,0.0,23.922,152.666,9.5,128.744,-64.509,0.965
811,33,19,5,0.0,6.24,14.38,48.37,0.0,13.992,168.601,9.5,154.609,0.0,15.935
812,33,20,5,0.0,7.35,10.71,53.92,0.0,33.889,157.463,9.5,123.574,0.0,-11.138
813,33,21,5,0.0,6.58,9.9,42.93,0.0,18.948,150.965,9.5,132.017,0.0,-6.498
814,33,22,5,0.0,5.89,11.47,52.25,0.0,9.975,136.692,6.1,126.717,0.0,-14.273
815,33,23,5,0.0,5.1,7.54,59.72,0.0,3.833,126.345,6.1,122.512,0.0,-10.347
816,34,0,6,0.0,5.48,6.51,68.51,0.0,6.298,110.99,3.75,104.692,0.0,-15.355
817,34,1,6,0.0,6.87,6.2,58.58,0.0,23.903,104.735,3.75,80.832,0.0,-6.255
818,34,2,6,0.0,6.23,4.53,62.7,0.0,13.872,110.143,3.75,96.271,0.0,5.408
819,34,3,6,0.0,5.65,4.12,77.26,0.0,7.638,113.084,3.75,105.446,0.0,2.941
820,34,4,6,0.0,5.76,5.74,63.31,0.0,8.643,96.492,3.75,87.849,0.0,-16.592
821,34,5,6,0.0,5.92,5.33,71.64,0.0,10.259,128.839,3.75,118.58,0.0,32.347
822,34,6,6,0.0,7.18,6.46,73.29,0.0,30.006,135.854,8.2,105.848,0.0,7.015
823,34,7,6,113.0,6.38,7.66,71.64,56.499,15.945,152.44,8.2,79.996,56.499,16.586
824,34,8,6,249.87,6.78,10.67,64.15,124.936,22.189,150.826,8.2,3.701,68.437,-1.614
825,34,9,6,400.64,6.55,11.32,57.98,200.321,18.359,168.474,6.1,-50.206,75.385,17.648
826,34,10,6,531.51,6.38,12.93,60.07,265.756,15.847,166.008,6.1,-115.595,65.435,-2.466
827,34,11,6,619.31,7.0,15.31,51.53,309.653,26.347,177.285,6.1,-158.715,43.897,11.277
828,34,12,6,688.79,6.61,15.67,41.12,344.395,19.387,151.031,6.1,-212.751,34.742,-26.254
829,34,13,6,597.17,6.77,16.46,41.08,298.583,22.031,143.765,6.1,-176.849,-45.812,-7.266
830,34,14,6,536.4,5.98,17.96,39.98,268.201,10.901,146.807,6.1,-132.295,-30.382,3.042
831,34,15,6,444.03,5.37,18.4,45.99,222.017,5.496,134.819,6.1,-92.694,-46.184,-11.988
832,34,16,6,272.91,6.03,17.21,39.72,136.457,11.465,136.833,6.1,-11.089,-85.56,2.014
833,34,17,6,115.45,5.62,16.89,42.97,57.726,7.404,160.724,6.1,95.594,-78.731,23.891
834,34,18,6,0.0,6.06,14.9,34.02,0.0,11.738,169.994,9.5,158.256,-57.726,9.27
835,34,19,6,0.0,5.8,13.56,37.71,0.0,9.004,171.479,9.5,162.475,0.0,1.485
836,34,20,6,0.0,6.77,14.07,43.59,0.0,22.126,167.525,9.5,145.399,0.0,-3.954
837,34,21,6,0.0,7.03,12.13,48.96,0.0,26.85,147.235,9.5,120.385,0.0,-20.29
838,34,22,6,0.0,7.04,10.59,48.95,0.0,27.148,133.455,6.1,106.307,0.0,-13.78
839,34,23,6,0.0,7.3,8.93,67.77,0.0,32.658,117.739,6.1,85.081,0.0,-15.716
840,35,0,0,0.0,8.48,7.52,70.3,0.0,67.855,138.15,3.75,70.295,0.0,20.411
841,35,1,0,0.0,7.97,7.34,67.31,0.0,50.47,133.214,3.75,82.744,0.0,-4.936
842,35,2,0,0.0,8.36,7.03,76.17,0.0,63.268,135.489,3.75,72.221,0.0,2.275
843,35,3,0,0.0,8.19,6.8,75.66,0.0,57.639,146.98,3.75,89.341,0.0,11.491
844,35,4,0,0.0,7.02,5.79,79.32,0.0,26.716,157.702,3.75,130.986,0.0,10.722
845,35,5,0,0.0,7.21,8.17,66.25,0.0,30.813,161.314,3.75,130.501,0.0,3.612
846,35,6,0,0.0,6.89,7.74,71.45,0.0,24.31,186.53,8.2,162.22,0.0,25.216
847,35,7,0,147.57,6.18,9.46,68.79,73.784,13.172,183.504,8.2,96.548,73.784,-3.026
848,35,8,0,335.34,5.7,10.49,68.74,167.668,8.098,191.314,8.2,15.548,93.884,7.81
849,35,9,0,537.05,4.99,12.0,56.41,268.524,3.246,224.367,6.1,-47.403,100.856,33.053
850,35,10,0,682.97,6.01,12.37,40.0,341.484,11.233,217.258,6.1,-135.459,72.96,-7.109
851,35,11,0,767.31,5.75,15.55,43.33,383.655,8.526,216.88,6.1,-175.301,42.171,-0.378
852,35,12,0,820.44,6.59,19.36,44.63,410.218,18.99,193.332,6.1,-235.876,26.563,-23.548
853,35,13,0,777.72,6.89,16.45,41.24,388.86,24.286,186.132,6.1,-227.014,-21.358,-7.2
854,35,14,0,675.04,6.24,17.59,47.78,337.518,14.032,170.232,6.1,-181.318,-51.342,-15.9
855,35,15,0,514.4,6.0,17.17,39.18,257.202,11.161,175.35,6.1,-93.013,-80.316,5.118
856,35,16,0,328.8,5.99,16.91,35.49,164.4,11.013,181.303,6.1,5.89,-92.802,5.953
857,35,17,0,140.46,5.94,18.75,35.49,70.231,10.483,196.954,6.1,116.24,-94.169,15.651
858,35,18,0,0.0,5.94,15.14,44.3,0.0,10.501,217.587,9.5,207.086,-70.231,20.633
859,35,19,0,0.0,6.16,14.14,37.32,0.0,13.018,217.292,9.5,204.274,0.0,-0.295
860,35,20,0,0.0,7.15,11.35,44.16,0.0,29.334,192.547,9.5,163.213,0.0,-24.745
861,35,21,0,0.0,6.75,10.8,43.29,0.0,21.762,195.495,9.5,173.733,0.0,2.948
862,35,22,0,0.0,6.36,8.1,63.51,0.0,15.675,173.629,6.1,157.954,0.0,-21.866
863,35,23,0,0.0,5.56,9.46,62.53,0.0,6.931,156.394,6.1,149.463,0.0,-17.235
864,36,0,1,0.0,5.67,10.93,60.75,0.0,7.827,136.265,3.75,128.438,0.0,-20.129
865,36,1,1,0.0,5.96,6.18,68.46,0.0,10.643,138.71,3.75,128.067,0.0,2.445
866,36,2,1,0.0,5.73,4.02,75.38,0.0,8.387,133.051,3.75,124.664,0.0,-5.659
867,36,3,1,0.0,5.31,6.9,72.81,0.0,5.04,140.346,3.75,135.306,0.0,7.295
868,36,4,1,0.0,5.46,5.15,71.79,0.0,6.11,157.305,3.75,151.195,0.0,16.959
869,36,5,1,0.0,5.31,8.18,70.39,0.0,5.079,152.078,3.75,146.999,0.0,-5.227
870,36,6,1,0.0,5.54,7.24,74.35,0.0,6.755,163.482,8.2,156.727,0.0,11.404
871,36,7,1,116.69,6.67,8.06,66.99,58.345,20.352,188.154,8.2,109.457,58.345,24.672
872,36,8,1,285.15,7.4,10.05,62.28,142.574,34.975,196.429,8.2,18.88,84.229,8.275
873,36,9,1,451.26,7.58,12.73,52.16,225.631,39.463,204.29,6.1,-60.804,83.057,7.861
874,36,10,1,549.49,7.73,13.1,55.47,274.747,43.509,220.086,6.1,-98.17,49.116,15.796
875,36,11,1,592.37,8.34,14.22,48.74,296.186,62.822,230.08,6.1,-128.928,21.439,9.994
876,36,12,1,631.94,7.71,15.82,43.07,315.972,42.988,206.633,6.1,-152.327,19.786,-23.447
877,36,13,1,609.44,7.82,15.49,42.05,304.722,46.13,194.243,6.1,-156.609,-11.25,-12.39
878,36,14,1,535.53,8.1,18.09,42.17,267.763,54.577,164.727,6.1,-157.613,-36.959,-29.516
879,36,15,1,417.36,7.91,15.67,39.89,208.678,48.811,181.857,6.1,-75.632,-59.085,17.13
880,36,16,1,272.04,6.89,17.08,38.32,136.022,24.297,184.719,6.1,24.4,-72.656,2.862
881,36,17,1,121.15,6.66,17.92,34.24,60.575,20.129,190.397,6.1,109.693,-75.447,5.678
882,36,18,1,0.0,7.38,16.42,34.28,0.0,34.513,208.561,9.5,174.048,-60.575,18.164
883,36,19,1,0.0,7.82,15.52,34.59,0.0,46.037,212.678,9.5,166.641,0.0,4.117
884,36,20,1,0.0,7.86,13.29,41.44,0.0,47.385,196.505,9.5,149.12,0.0,-16.173
885,36,21,1,0.0,7.04,13.22,49.94,0.0,27.123,192.782,9.5,165.659,0.0,-3.723
886,36,22,1,0.0,6.97,11.37,50.28,0.0,25.726,181.856,6.1,156.13,0.0,-10.926
887,36,23,1,0.0,6.89,9.35,60.75,0.0,24.29,154.938,6.1,130.648,0.0,-26.918
888,37,0,2,0.0,6.1,8.8,59.21,0.0,12.267,129.146,3.75,116.879,0.0,-25.792
889,37,1,2,0.0,5.91,7.63,59.18,0.0,10.115,135.292,3.75,125.177,0.0,6.146
890,37,2,2,0.0,6.06,5.61,77.24,0.0,11.742,145.058,3.75,133.316,0.0,9.766
891,37,3,2,0.0,6.29,4.32,71.47,0.0,14.634,131.621,3.75,116.987,0.0,-13.437
892,37,4,2,0.0,6.67,6.64,69.98,0.0,20.4,152.073,3.75,131.673,0.0,20.452
893,37,5,2,0.0,6.24,7.39,67.76,0.0,13.984,151.87,3.75,137.886,0.0,-0.203
894,37,6,2,0.0,6.47,9.0,74.86,0.0,17.17,173.205,8.2,156.035,0.0,21.335
895,37,7,2,113.63,6.26,7.81,77.39,56.813,14.287,183.636,8.2,112.536,56.813,10.431
896,37,8,2,263.88,5.67,9.29,62.58,131.939,7.806,200.396,8.2,60.651,75.126,16.76
897,37,9,2,405.92,5.73,12.48,58.88,202.959,8.368,229.682,6.1,18.355,71.02,29.286
898,37,10,2,547.87,6.06,13.4,61.43,273.937,11.834,210.982,6.1,-74.789,70.978,-18.7
899,37,11,2,601.32,5.94,12.67,38.96,300.661,10.461,221.798,6.1,-89.324,26.724,10.816
900,37,12,2,651.07,6.31,16.62,56.8,325.537,14.863,220.247,6.1,-120.153,24.876,-1.551
901,37,13,2,634.16,6.48,14.9,55.52,317.078,17.331,197.791,6.1,-136.618,-8.459,-22.456
902,37,14,2,554.02,6.14,16.59,21.44,277.01,12.784,170.641,6.1,-119.153,-40.068,-27.15
903,37,15,2,457.21,5.51,19.55,35.1,228.603,6.542,167.629,6.1,-67.516,-48.407,-3.012
904,37,16,2,285.98,5.81,19.92,30.69,142.988,9.165,177.474,6.1,25.321,-85.615,9.845
905,37,17,2,131.54,6.02,15.67,34.09,65.771,11.35,196.464,6.1,119.343,-77.217,18.99
906,37,18,2,0.0,5.63,15.78,35.17,0.0,7.482,208.382,9.5,200.9,-65.771,11.918
907,37,19,2,0.0,5.2,14.98,45.73,0.0,4.406,200.586,9.5,196.18,0.0,-7.796
908,37,20,2,0.0,5.09,15.62,44.32,0.0,3.75,197.459,9.5,193.709,0.0,-3.127
909,37,21,2,0.0,5.43,11.34,44.36,0.0,5.892,183.134,9.5,177.242,0.0,-14.325
910,37,22,2,0.0,5.13,9.8,53.97,0.0,3.975,170.379,6.1,166.404,0.0,-12.755
911,37,23,2,0.0,5.71,10.79,63.27,0.0,8.224,172.226,6.1,164.002,0.0,1.847
912,38,0,3,0.0,6.25,7.35,57.9,0.0,14.164,128.264,3.75,114.1,0.0,-43.962
913,38,1,3,0.0,5.88,7.72,59.26,0.0,9.8,128.538,3.75,118.738,0.0,0.274
914,38,2,3,0.0,5.37,4.48,84.28,0.0,5.458,128.793,3.75,123.335,0.0,0.255
915,38,3,3,0.0,5.03,5.84,70.46,0.0,3.458,146.144,3.75,142.686,0.0,17.351
916,38,4,3,0.0,6.42,4.26,74.18,0.0,16.513,146.726,3.75,130.213,0.0,0.582
917,38,5,3,0.0,5.98,5.58,71.93,0.0,10.872,149.711,3.75,138.839,0.0,2.985
918,38,6,3,0.0,5.55,8.81,75.61,0.0,6.789,167.916,8.2,161.127,0.0,18.205
919,38,7,3,135.35,5.1,8.99,79.78,67.673,3.822,181.325,8.2,109.83,67.673,13.409
920,38,8,3,313.76,4.61,10.11,68.48,156.882,1.719,206.761,8.2,48.16,89.209,25.436
921,38,9,3,476.38,4.24,11.15,51.07,238.188,0.788,238.402,6.1,-0.574,81.306,31.641
922,38,10,3,622.77,5.69,13.33,46.7,311.384,8.045,226.078,6.1,-93.351,73.196,-12.324
923,38,11,3,703.26,4.97,15.41,47.43,351.631,3.167,216.599,6.1,-138.199,40.247,-9.479
924,38,12,3,732.69,5.16,17.47,43.39,366.344,4.149,200.535,6.1,-169.958,14.713,-16.064
925,38,13,3,749.17,4.77,14.09,30.53,374.587,2.279,181.055,6.1,-195.811,8.243,-19.48
926,38,14,3,643.5,5.09,16.84,42.6,321.752,3.73,186.683,6.1,-138.799,-52.835,5.628
927,38,15,3,499.64,4.76,18.24,29.16,249.821,2.248,182.85,6.1,-69.219,-71.931,-3.833
928,38,16,3,314.53,5.61,17.72,43.96,157.264,7.352,179.276,6.1,14.66,-92.557,-3.574
929,38,17,3,133.54,6.57,17.73,46.61,66.768,18.652,204.394,6.1,118.974,-90.496,25.118
930,38,18,3,0.0,6.9,16.61,36.19,0.0,24.404,206.201,9.5,181.797,-66.768,1.807
931,38,19,3,0.0,6.95,14.68,43.49,0.0,25.346,216.404,9.5,191.058,0.0,10.203
932,38,20,3,0.0,7.14,12.97,37.61,0.0,29.217,206.274,9.5,177.057,0.0,-10.13
933,38,21,3,0.0,7.05,11.75,53.57,0.0,27.333,187.711,9.5,160.378,0.0,-18.563
934,38,22,3,0.0,6.74,11.87,52.01,0.0,21.445,163.734,6.1,142.289,0.0,-23.977
935,38,23,3,0.0,6.09,8.17,53.65,0.0,12.095,154.773,6.1,142.678,0.0,-8.961
936,39,0,4,0.0,6.46,7.84,63.26,0.0,16.997,142.111,3.75,125.114,0.0,-12.662
937,39,1,4,0.0,6.64,7.19,66.35,0.0,19.887,131.932,3.75,112.045,0.0,-10.179
938,39,2,4,0.0,6.22,8.24,70.37,0.0,13.772,141.015,3.75,127.243,0.0,9.083
939,39,3,4,0.0,6.23,5.8,80.02,0.0,13.865,132.029,3.75,118.164,0.0,-8.986
940,39,4,4,0.0,5.43,7.52,70.29,0.0,5.896,152.913,3.75,147.017,0.0,20.884
941,39,5,4,0.0,5.51,8.44,84.73,0.0,6.499,158.974,3.75,152.475,0.0,6.061
942,39,6,4,0.0,5.42,7.84,64.37,0.0,5.818,160.755,8.2,154.937,0.0,1.781
943,39,7,4,149.06,4.87,8.91,78.83,74.532,2.676,185.374,8.2,108.166,74.532,24.619
944,39,8,4,349.38,4.23,10.21,58.9,174.688,0.767,211.311,8.2,35.856,100.156,25.937
945,39,9,4,535.32,4.26,11.86,60.17,267.661,0.818,206.287,6.1,-62.192,92.973,-5.024
946,39,10,4,696.71,5.2,14.74,52.06,348.354,4.392,212.524,6.1,-140.222,80.693,6.237
947,39,11,4,720.81,6.34,15.44,47.76,360.403,15.268,216.218,6.1,-159.453,12.049,3.694
948,39,12,4,763.82,7.64,16.69,49.81,381.912,41.109,222.383,6.1,-200.638,21.509,6.165
949,39,13,4,637.26,7.78,16.01,49.86,318.629,44.816,185.919,6.1,-177.526,-63.283,-36.464
950,39,14,4,522.37,7.84,16.8,44.82,261.186,46.517,184.303,6.1,-123.4,-57.443,-1.616
951,39,15,4,416.66,7.2,20.73,33.25,208.329,30.584,179.032,6.1,-59.881,-52.857,-5.271
952,39,16,4,274.58,6.39,17.74,36.11,137.292,15.965,177.81,6.1,24.553,-71.037,-1.222
953,39,17,4,112.68,6.98,16.43,30.99,56.34,25.962,195.468,6.1,113.166,-80.952,17.658
954,39,18,4,0.0,8.27,18.12,31.73,0.0,60.259,201.911,9.5,141.652,-56.34,6.443
955,39,19,4,0.0,7.88,15.5,33.98,0.0,47.799,206.794,9.5,158.995,0.0,4.883
956,39,20,4,0.0,7.5,14.41,42.37,0.0,37.544,190.081,9.5,152.537,0.0,-16.713
957,39,21,4,0.0,7.13,12.0,51.32,0.0,29.079,188.438,9.5,159.359,0.0,-1.643
958,39,22,4,0.0,6.6,10.23,43.53,0.0,19.168,178.118,6.1,158.95,0.0,-10.32
959,39,23,4,0.0,6.62,8.96,59.9,0.0,19.469,155.989,6.1,136.52,0.0,-22.129
960,40,0,5,0.0,7.27,6.38,74.1,0.0,32.118,114.041,3.75,81.923,0.0,-41.948
961,40,1,5,0.0,6.9,6.98,75.87,0.0,24.476,110.444,3.75,85.968,0.0,-3.597
962,40,2,5,0.0,6.04,6.84,68.81,0.0,11.529,106.492,3.75,94.963,0.0,-3.952
963,40,3,5,0.0,6.42,8.5,65.94,0.0,16.461,104.429,3.75,87.968,0.0,-2.063
964,40,4,5,0.0,6.74,6.59,77.76,0.0,21.593,110.216,3.75,88.623,0.0,5.787
965,40,5,5,0.0,7.48,4.28,60.41,0.0,36.895,109.965,3.75,73.07,0.0,-0.251
966,40,6,5,0.0,8.38,7.93,78.98,0.0,64.004,130.407,8.2,66.403,0.0,20.442
967,40,7,5,121.92,8.66,12.57,67.86,60.959,74.517,146.777,8.2,11.301,60.959,16.37
968,40,8,5,298.76,8.11,11.77,75.99,149.378,54.793,172.319,8.2,-31.852,88.419,25.542
969,40,9,5,470.5,7.54,11.31,49.81,235.249,38.536,172.547,6.1,-101.238,85.871,0.228
970,40,10,5,607.43,7.04,14.54,60.51,303.714,27.042,165.083,6.1,-165.673,68.465,-7.464
971,40,11,5,699.37,6.46,14.39,49.22,349.687,17.037,157.129,6.1,-209.595,45.973,-7.954
972,40,12,5,739.66,6.32,14.9,43.01,369.828,14.992,158.077,6.1,-226.743,20.141,0.948
973,40,13,5,723.9,6.88,17.06,32.64,361.949,24.0,155.319,6.1,-230.63,-7.879,-2.758
974,40,14,5,605.92,6.82,18.19,41.25,302.96,23.001,138.534,6.1,-187.427,-58.989,-16.785
975,40,15,5,449.49,6.28,16.03,39.74,224.743,14.536,141.998,6.1,-97.281,-78.217,3.464
976,40,16,5,300.22,5.47,16.7,45.71,150.11,6.235,140.551,6.1,-15.794,-74.633,-1.447
977,40,17,5,125.91,5.2,17.49,41.73,62.957,4.399,156.801,6.1,89.445,-87.153,16.25
978,40,18,5,0.0,5.72,16.03,34.12,0.0,8.244,147.089,9.5,138.845,-62.957,-9.712
979,40,19,5,0.0,5.73,15.75,34.83,0.0,8.356,175.939,9.5,167.583,0.0,28.85
980,40,20,5,0.0,5.45,12.38,36.79,0.0,6.065,149.316,9.5,143.251,0.0,-26.623
981,40,21,5,0.0,5.02,13.14,58.66,0.0,3.371,153.101,9.5,149.73,0.0,3.785
982,40,22,5,0.0,4.52,9.31,50.33,0.0,1.445,130.797,6.1,129.352,0.0,-22.304
983,40,23,5,0.0,5.55,11.25,69.06,0.0,6.815,120.07,6.1,113.255,0.0,-10.727
984,41,0,6,0.0,5.31,6.1,68.15,0.0,5.084,103.115,3.75,98.031,0.0,-16.955
985,41,1,6,0.0,4.92,5.89,71.12,0.0,2.926,107.572,3.75,104.646,0.0,4.457
986,41,2,6,0.0,5.53,7.11,70.48,0.0,6.688,110.351,3.75,103.663,0.0,2.779
987,41,3,6,0.0,5.52,8.4,78.28,0.0,6.564,117.636,3.75,111.072,0.0,7.285
988,41,4,6,0.0,6.22,6.98,74.91,0.0,13.725,125.074,3.75,111.349,0.0,7.438
989,41,5,6,0.0,5.71,7.88,72.1,0.0,8.211,124.068,3.75,115.857,0.0,-1.006
990,41,6,6,0.0,6.49,8.18,76.5,0.0,17.543,145.909,8.2,128.366,0.0,21.841
991,41,7,6,135.47,5.86,8.17,68.28,67.734,9.671,145.975,8.2,68.57,67.734,0.066
992,41,8,6,336.91,5.4,10.26,60.21,168.454,5.701,166.804,8.2,-7.351,100.72,20.829
993,41,9,6,546.07,4.63,10.95,63.78,273.036,1.782,171.313,6.1,-103.505,104.582,4.509
994,41,10,6,699.9,5.12,12.42,54.62,349.949,3.916,167.162,6.1,-186.703,76.913,-4.151
995,41,11,6,807.06,4.87,15.88,52.76,403.532,2.705,169.656,6.1,-236.581,53.583,2.494
996,41,12,6,855.63,6.38,15.3,42.28,427.815,15.852,163.34,6.1,-280.327,24.283,-6.316
997,41,13,6,811.38,5.79,17.98,33.6,405.692,8.896,148.182,6.1,-266.406,-22.123,-15.158
998,41,14,6,699.13,5.93,16.63,48.09,349.565,10.387,143.238,6.1,-216.714,-56.127,-4.944
999,41,15,6,545.44,6.77,18.76,44.96,272.72,21.972,144.228,6.1,-150.464,-76.845,0.99
1000,41,16,6,342.87,6.22,17.61,40.3,171.436,13.701,141.444,6.1,-43.693,-101.284,-2.784
1001,41,17,6,140.81,5.93,19.29,33.35,70.403,10.339,127.122,6.1,46.38,-101.033,-14.322
1002,41,18,6,0.0,6.45,17.03,35.88,0.0,16.923,172.879,9.5,155.956,-70.403,45.757
1003,41,19,6,0.0,7.27,16.88,49.15,0.0,32.093,160.302,9.5,128.209,0.0,-12.577
1004,41,20,6,0.0,7.1,13.05,42.88,0.0,28.411,151.219,9.5,122.808,0.0,-9.083
1005,41,21,6,0.0,6.85,12.47,46.03,0.0,23.464,137.377,9.5,113.913,0.0,-13.842
1006,41,22,6,0.0,7.03,9.67,66.23,0.0,27.016,129.938,6.1,102.922,0.0,-7.439
1007,41,23,6,0.0,6.96,8.91,59.89,0.0,25.531,116.181,6.1,90.65,0.0,-13.757
1008,42,0,0,0.0,6.42,7.97,75.61,0.0,16.521,128.428,3.75,111.907,0.0,12.247
1009,42,1,0,0.0,7.03,6.46,60.75,0.0,27.003,129.484,3.75,102.481,0.0,1.056
1010,42,2,0,0.0,6.27,5.27,75.43,0.0,14.347,140.668,3.75,126.321,0.0,11.184
1011,42,3,0,0.0,5.86,4.83,86.75,0.0,9.616,155.842,3.75,146.226,0.0,15.174
1012,42,4,0,0.0,6.15,3.92,75.18,0.0,12.877,152.099,3.75,139.222,0.0,-3.743
1013,42,5,0,0.0,6.15,6.06,72.73,0.0,12.861,164.237,3.75,151.376,0.0,12.138
1014,42,6,0,0.0,6.17,9.03,65.31,0.0,13.108,166.03,8.2,152.922,0.0,1.793
1015,42,7,0,121.19,5.66,7.61,75.64,60.595,7.771,186.55,8.2,118.184,60.595,20.52
1016,42,8,0,288.04,6.42,9.33,60.38,144.021,16.433,205.689,8.2,45.235,83.426,19.139
1017,42,9,0,450.42,6.06,14.67,59.61,225.208,11.747,209.403,6.1,-27.552,81.187,3.714
1018,42,10,0,583.02,6.36,13.31,47.59,291.508,15.555,215.969,6.1,-91.094,66.3,6.566
1019,42,11,0,692.81,5.56,15.91,59.16,346.405,6.915,221.928,6.1,-131.392,54.897,5.959
1020,42,12,0,737.0,5.66,17.54,51.93,368.501,7.746,212.445,6.1,-163.802,22.096,-9.483
1021,42,13,0,714.46,5.82,18.51,40.67,357.23,9.184,190.354,6.1,-176.06,-11.271,-22.091
1022,42,14,0,629.75,6.94,16.49,30.75,314.875,25.207,169.379,6.1,-170.703,-42.355,-20.975
1023,42,15,0,494.12,7.44,18.25,44.9,247.062,36.119,173.213,6.1,-109.968,-67.813,3.834
1024,42,16,0,291.47,8.64,16.38,32.8,145.735,73.996,169.579,6.1,-50.152,-101.327,-3.634
1025,42,17,0,122.85,7.96,20.66,29.05,61.423,50.257,193.273,6.1,81.593,-84.312,23.694
1026,42,18,0,0.0,8.27,14.85,27.11,0.0,60.2,205.942,9.5,145.742,-61.423,12.669
1027,42,19,0,0.0,7.75,14.27,36.98,0.0,44.117,205.863,9.5,161.746,0.0,-0.079
1028,42,20,0,0.0,7.05,12.83,36.27,0.0,27.32,203.726,9.5,176.406,0.0,-2.137
1029,42,21,0,0.0,7.52,10.73,46.09,0.0,38.116,190.505,9.5,152.389,0.0,-13.221
1030,42,22,0,0.0,7.55,12.59,59.47,0.0,38.853,171.653,6.1,132.8,0.0,-18.852
1031,42,23,0,0.0,8.07,12.43,57.92,0.0,53.489,144.71,6.1,91.221,0.0,-26.943
1032,43,0,1,0.0,7.51,7.83,67.13,0.0,37.627,131.953,3.75,94.326,0.0,-12.757
1033,43,1,1,0.0,7.38,5.87,64.8,0.0,34.65,137.874,3.75,103.224,0.0,5.921
1034,43,2,1,0.0,7.32,4.17,72.71,0.0,33.119,148.709,3.75,115.59,0.0,10.835
1035,43,3,1,0.0,6.88,6.35,85.84,0.0,24.027,137.065,3.75,113.038,0.0,-11.644
1036,43,4,1,0.0,7.45,6.47,72.91,0.0,36.383,149.567,3.75,113.184,0.0,12.502
1037,43,5,1,0.0,6.84,6.67,76.63,0.0,23.386,161.883,3.75,138.497,0.0,12.316
1038,43,6,1,0.0,7.26,8.67,62.93,0.0,31.771,167.042,8.2,135.271,0.0,5.159
1039,43,7,1,137.2,8.22,10.12,78.26,68.599,58.551,194.423,8.2,67.273,68.599,27.381
1040,43,8,1,311.17,7.56,11.48,62.14,155.586,39.094,211.375,8.2,16.695,86.987,16.952
1041,43,9,1,504.33,7.13,12.27,66.48,252.165,28.898,225.171,6.1,-55.892,96.579,13.796
1042,43,10,1,669.14,7.03,12.88,54.26,334.57,26.857,222.479,6.1,-138.948,82.405,-2.692
1043,43,11,1,769.23,8.32,16.45,53.49,384.614,61.849,233.421,6.1,-213.042,50.044,10.942
1044,43,12,1,779.89,7.42,16.91,49.03,389.943,35.506,198.277,6.1,-227.172,5.329,-35.144
1045,43,13,1,721.72,6.9,18.91,38.14,360.859,24.416,206.32,6.1,-178.955,-29.084,8.043
1046,43,14,1,614.73,6.87,19.39,44.23,307.364,23.866,184.627,6.1,-146.603,-53.495,-21.693
1047,43,15,1,482.65,6.18,16.94,31.13,241.324,13.286,185.849,6.1,-68.761,-66.04,1.222
1048,43,16,1,297.35,6.76,16.72,39.67,148.673,21.907,178.084,6.1,7.504,-92.651,-7.765
1049,43,17,1,128.8,6.25,16.94,33.34,64.4,14.179,198.932,6.1,120.353,-84.273,20.848
1050,43,18,1,0.0,5.56,15.62,39.78,0.0,6.93,214.79,9.5,207.86,-64.4,15.858
1051,43,19,1,0.0,5.39,16.55,38.09,0.0,5.592,198.796,9.5,193.204,0.0,-15.994
1052,43,20,1,0.0,6.21,14.62,45.3,0.0,13.581,199.967,9.5,186.386,0.0,1.171
1053,43,21,1,0.0,5.77,13.97,43.38,0.0,8.754,169.559,9.5,160.805,0.0,-30.408
1054,43,22,1,0.0,5.22,11.57,56.49,0.0,4.527,167.736,6.1,163.209,0.0,-1.823
1055,43,23,1,0.0,5.2,9.9,60.44,0.0,4.371,147.398,6.1,143.027,0.0,-20.338
1056,44,0,2,0.0,5.99,9.97,61.76,0.0,10.974,131.894,3.75,120.92,0.0,-15.504
1057,44,1,2,0.0,5.67,8.14,68.81,0.0,7.825,157.64,3.75,149.815,0.0,25.746
1058,44,2,2,0.0,6.21,7.06,73.12,0.0,13.648,149.474,3.75,135.826,0.0,-8.166
1059,44,3,2,0.0,6.66,8.55,70.62,0.0,20.132,127.369,3.75,107.237,0.0,-22.105
1060,44,4,2,0.0,6.33,7.12,74.23,0.0,15.186,149.235,3.75,134.049,0.0,21.866
1061,44,5,2,0.0,6.3,7.21,68.29,0.0,14.822,160.853,3.75,146.031,0.0,11.618
1062,44,6,2,0.0,6.0,7.52,86.39,0.0,11.146,165.481,8.2,154.335,0.0,4.628
1063,44,7,2,144.89,5.7,10.62,75.5,72.444,8.134,186.189,8.2,105.611,72.444,20.708
1064,44,8,2,330.88,5.91,12.7,66.64,165.439,10.177,203.45,8.2,27.834,92.995,17.261
1065,44,9,2,514.78,7.09,12.71,67.21,257.388,28.258,202.808,6.1,-82.838,91.949,-0.642
1066,44,10,2,642.46,6.81,15.9,43.12,321.23,22.731,210.002,6.1,-133.959,63.842,7.194
1067,44,11,2,750.75,8.03,13.41,34.48,375.376,52.406,215.37,6.1,-212.412,54.146,5.368
1068,44,12,2,821.46,7.68,16.95,42.6,410.731,42.163,203.475,6.1,-249.419,35.355,-11.895
1069,44,13,2,777.54,7.65,17.92,32.59,388.771,41.461,183.176,6.1,-247.056,-21.96,-20.299
1070,44,14,2,665.99,7.3,17.7,36.26,332.996,32.759,171.67,6.1,-194.085,-55.775,-11.506
1071,44,15,2,490.11,6.69,21.63,36.92,245.057,20.655,173.961,6.1,-91.751,-87.939,2.291
1072,44,16,2,309.54,5.92,18.49,40.52,154.772,10.26,187.272,6.1,22.24,-90.285,13.311
1073,44,17,2,124.17,6.81,17.48,28.85,62.085,22.785,191.074,6.1,106.204,-92.687,3.802
1074,44,18,2,0.0,6.48,17.05,40.08,0.0,17.298,215.837,9.5,198.539,-62.085,24.763
1075,44,19,2,0.0,7.45,13.37,40.94,0.0,36.293,201.398,9.5,165.105,0.0,-14.439
1076,44,20,2,0.0,7.19,13.41,47.09,0.0,30.184,202.305,9.5,172.121,0.0,0.907
1077,44,21,2,0.0,6.19,13.95,46.7,0.0,13.318,183.377,9.5,170.059,0.0,-18.928
1078,44,22,2,0.0,6.25,10.47,63.3,0.0,14.178,173.434,6.1,159.256,0.0,-9.943
1079,44,23,2,0.0,6.98,8.78,59.56,0.0,25.983,147.28,6.1,121.297,0.0,-26.154
1080,45,0,3,0.0,7.07,10.23,75.65,0.0,27.777,148.716,3.75,120.939,0.0,1.436
1081,45,1,3,0.0,7.54,9.31,64.4,0.0,38.404,120.385,3.75,81.981,0.0,-28.331
1082,45,2,3,0.0,7.37,7.72,76.78,0.0,34.366,149.111,3.75,114.745,0.0,28.726
1083,45,3,3,0.0,6.8,6.35,73.96,0.0,22.611,139.252,3.75,116.641,0.0,-9.859
1084,45,4,3,0.0,6.59,6.82,73.03,0.0,19.026,148.841,3.75,129.815,0.0,9.589
1085,45,5,3,0.0,6.71,6.74,78.11,0.0,20.931,164.746,3.75,143.815,0.0,15.905
1086,45,6,3,0.0,7.26,7.46,70.53,0.0,31.794,174.619,8.2,142.825,0.0,9.873
1087,45,7,3,124.98,6.59,8.65,53.17,62.491,18.998,178.454,8.2,96.965,62.491,3.835
1088,45,8,3,302.85,7.31,10.61,46.62,151.427,32.869,205.532,8.2,21.236,88.936,27.078
1089,45,9,3,471.65,6.44,11.66,67.81,235.823,16.755,227.979,6.1,-24.599,84.396,22.447
1090,45,10,3,602.59,5.58,12.58,62.38,301.296,7.027,210.6,6.1,-97.723,65.473,-17.379
1091,45,11,3,698.23,5.34,16.16,61.15,349.113,5.277,230.395,6.1,-123.995,47.817,19.795
1092,45,12,3,754.95,5.82,17.42,44.89,377.476,9.208,205.251,6.1,-181.433,28.363,-25.144
1093,45,13,3,727.1,5.34,20.14,33.1,363.549,5.278,184.899,6.1,-183.928,-13.927,-20.352
1094,45,14,3,616.59,6.37,17.89,35.16,308.293,15.683,170.427,6.1,-153.549,-55.256,-14.472
1095,45,15,3,495.89,6.69,19.26,35.75,247.946,20.73,172.449,6.1,-96.227,-60.347,2.022
1096,45,16,3,332.56,6.18,19.07,28.96,166.28,13.276,164.083,6.1,-15.473,-81.666,-8.366
1097,45,17,3,142.61,5.82,17.79,45.57,71.305,9.195,187.877,6.1,107.377,-94.975,23.794
1098,45,18,3,0.0,5.42,18.04,51.12,0.0,5.798,200.237,9.5,194.439,-71.305,12.36
1099,45,19,3,0.0,5.59,16.83,43.73,0.0,7.124,197.844,9.5,190.72,0.0,-2.393
1100,45,20,3,0.0,6.05,14.85,44.93,0.0,11.698,206.233,9.5,194.535,0.0,8.389
1101,45,21,3,0.0,5.68,12.59,42.05,0.0,7.96,183.989,9.5,176.029,0.0,-22.244
1102,45,22,3,0.0,5.41,10.92,64.28,0.0,5.773,163.216,6.1,157.443,0.0,-20.773
1103,45,23,3,0.0,5.43,8.26,60.63,0.0,5.902,150.54,6.1,144.638,0.0,-12.676
1104,46,0,4,0.0,4.82,7.82,63.27,0.0,2.461,135.802,3.75,133.341,0.0,-14.738
1105,46,1,4,0.0,6.08,7.09,72.03,0.0,12.024,134.158,3.75,122.134,0.0,-1.644
1106,46,2,4,0.0,5.55,5.88,68.81,0.0,6.802,129.438,3.75,122.636,0.0,-4.72
1107,46,3,4,0.0,5.58,7.56,75.2,0.0,7.102,139.187,3.75,132.085,0.0,9.749
1108,46,4,4,0.0,5.75,8.67,66.35,0.0,8.57,143.652,3.75,135.082,0.0,4.465
1109,46,5,4,0.0,5.66,6.74,80.84,0.0,7.709,144.565,3.75,136.856,0.0,0.913
1110,46,6,4,0.0,6.37,9.13,71.69,0.0,15.783,165.026,8.2,149.243,0.0,20.461
1111,46,7,4,146.27,6.15,8.79,76.09,73.135,12.86,188.463,8.2,102.468,73.135,23.437
1112,46,8,4,328.41,5.97,11.11,63.79,164.206,10.728,204.801,8.2,29.867,91.071,16.338
1113,46,9,4,508.48,6.14,12.2,59.36,254.24,12.698,210.662,6.1,-56.276,90.034,5.861
1114,46,10,4,661.39,6.11,15.3,47.73,330.697,12.391,222.563,6.1,-120.525,76.457,11.901
1115,46,11,4,761.23,6.31,15.21,54.38,380.613,14.941,205.07,6.1,-190.484,49.916,-17.493
1116,46,12,4,823.61,5.88,18.48,39.74,411.807,9.812,194.063,6.1,-227.556,31.194,-11.007
1117,46,13,4,772.51,5.9,17.93,37.94,386.257,10.037,185.879,6.1,-210.415,-25.55,-8.184
1118,46,14,4,674.59,5.82,18.04,37.69,337.295,9.18,189.105,6.1,-157.37,-48.962,3.226
1119,46,15,4,498.37,5.74,17.52,36.41,249.187,8.487,175.102,6.1,-82.572,-88.108,-14.003
1120,46,16,4,321.83,5.56,19.13,24.76,160.917,6.889,177.069,6.1,9.263,-88.27,1.967
1121,46,17,4,136.28,5.6,19.3,34.3,68.14,7.257,203.069,6.1,127.672,-92.777,26.0
1122,46,18,4,0.0,5.53,17.6,42.45,0.0,6.641,199.534,9.5,192.893,-68.14,-3.535
1123,46,19,4,0.0,7.07,18.71,38.59,0.0,27.651,223.796,9.5,196.145,0.0,24.262
1124,46,20,4,0.0,7.68,16.3,43.65,0.0,42.123,195.654,9.5,153.531,0.0,-28.142
1125,46,21,4,0.0,7.08,12.66,50.8,0.0,27.902,177.176,9.5,149.274,0.0,-18.478
1126,46,22,4,0.0,6.28,11.09,54.24,0.0,14.507,166.547,6.1,152.04,0.0,-10.629
1127,46,23,4,0.0,5.67,10.59,53.99,0.0,7.844,150.764,6.1,142.92,0.0,-15.783
1128,47,0,5,0.0,5.48,7.91,64.78,0.0,6.263,96.988,3.75,90.725,0.0,-53.776
1129,47,1,5,0.0,5.62,9.36,75.11,0.0,7.399,124.741,3.75,117.342,0.0,27.753
1130,47,2,5,0.0,5.74,7.8,66.01,0.0,8.439,107.62,3.75,99.181,0.0,-17.121
1131,47,3,5,0.0,5.71,7.47,72.07,0.0,8.148,111.226,3.75,103.078,0.0,3.606
1132,47,4,5,0.0,6.61,8.19,66.71,0.0,19.393,108.388,3.75,88.995,0.0,-2.838
1133,47,5,5,0.0,7.16,10.03,79.97,0.0,29.634,114.949,3.75,85.315,0.0,6.561
1134,47,6,5,0.0,7.82,9.12,71.77,0.0,45.979,138.398,8.2,92.419,0.0,23.449
1135,47,7,5,133.71,7.09,10.02,64.04,66.853,28.245,129.62,8.2,34.522,66.853,-8.778
1136,47,8,5,315.09,6.48,13.42,65.55,157.546,17.393,146.641,8.2,-28.298,90.693,17.021
1137,47,9,5,494.55,6.81,14.32,52.95,247.275,22.801,163.357,6.1,-106.719,89.729,16.716
1138,47,10,5,641.01,6.19,14.33,48.8,320.503,13.395,179.76,6.1,-154.138,73.228,16.403
1139,47,11,5,738.36,6.52,16.16,41.06,369.18,18.022,162.657,6.1,-224.545,48.677,-17.103
1140,47,12,5,818.11,5.87,17.64,38.6,409.054,9.732,160.226,6.1,-258.56,39.874,-2.431
1141,47,13,5,717.66,5.97,18.79,49.0,358.828,10.831,146.408,6.1,-223.251,-50.226,-13.818
1142,47,14,5,579.5,5.37,17.33,33.28,289.749,5.493,148.181,6.1,-147.061,-69.079,1.773
1143,47,15,5,440.34,5.2,17.31,38.48,220.168,4.412,122.543,6.1,-102.037,-69.581,-25.638
1144,47,16,5,283.89,5.09,17.89,29.98,141.946,3.736,145.369,6.1,-0.313,-78.222,22.826
1145,47,17,5,124.99,5.72,17.2,40.24,62.497,8.237,146.795,6.1,76.061,-79.449,1.426
1146,47,18,5,0.0,5.24,16.63,31.52,0.0,4.615,164.431,9.5,159.816,-62.497,17.636
1147,47,19,5,0.0,5.69,16.92,41.09,0.0,8.01,153.659,9.5,145.649,0.0,-10.772
1148,47,20,5,0.0,5.47,14.51,45.32,0.0,6.225,155.605,9.5,149.38,0.0,1.946
1149,47,21,5,0.0,5.69,13.39,63.79,0.0,7.975,143.328,9.5,135.353,0.0,-12.277
1150,47,22,5,0.0,6.54,10.14,58.78,0.0,18.224,122.597,6.1,104.373,0.0,-20.731
1151,47,23,5,0.0,6.92,9.6,56.62,0.0,24.696,108.608,6.1,83.912,0.0,-13.989
1152,48,0,6,0.0,7.33,9.75,69.11,0.0,33.324,98.549,3.75,65.225,0.0,-10.059
1153,48,1,6,0.0,8.29,8.81,81.97,0.0,61.031,104.706,3.75,43.675,0.0,6.157
1154,48,2,6,0.0,7.41,6.62,62.54,0.0,35.385,98.755,3.75,63.37,0.0,-5.951
1155,48,3,6,0.0,8.23,7.48,69.26,0.0,58.969,104.604,3.75,45.635,0.0,5.849
1156,48,4,6,0.0,8.86,10.13,73.58,0.0,82.838,96.718,3.75,13.88,0.0,-7.886
1157,48,5,6,0.0,8.56,8.07,71.82,0.0,70.555,116.308,3.75,45.753,0.0,19.59
1158,48,6,6,0.0,8.83,8.21,70.32,0.0,81.479,138.058,8.2,56.579,0.0,21.75
1159,48,7,6,126.77,7.65,10.08,61.32,63.383,41.48,148.312,8.2,43.449,63.383,10.254
1160,48,8,6,286.82,7.48,11.85,73.42,143.408,36.997,154.7,8.2,-25.705,80.025,6.388
1161,48,9,6,447.88,7.23,13.11,51.64,223.94,31.224,166.873,6.1,-88.291,80.532,12.173
1162,48,10,6,582.81,8.41,14.8,53.8,291.403,65.222,161.905,6.1,-194.72,67.463,-4.968
1163,48,11,6,639.28,7.76,14.56,56.1,319.639,44.489,178.236,6.1,-185.892,28.236,16.331
1164,48,12,6,652.31,7.58,16.38,44.82,326.157,39.406,173.048,6.1,-192.515,6.518,-5.188
1165,48,13,6,612.63,6.94,18.31,34.98,306.315,25.106,147.141,6.1,-184.28,-19.842,-25.907
1166,48,14,6,597.19,6.89,18.89,29.59,298.595,24.173,158.194,6.1,-164.574,-7.72,11.053
1167,48,15,6,492.95,7.29,18.61,34.3,246.473,32.516,129.443,6.1,-149.546,-52.122,-28.751
1168,48,16,6,309.49,7.44,18.87,30.46,154.745,36.058,129.126,6.1,-61.677,-91.728,-0.317
1169,48,17,6,129.93,6.39,18.56,36.91,64.965,15.97,142.339,6.1,61.404,-89.78,13.213
1170,48,18,6,0.0,5.69,18.6,29.27,0.0,8.014,154.885,9.5,146.871,-64.965,12.546
1171,48,19,6,0.0,6.01,16.17,45.74,0.0,11.209,178.311,9.5,167.102,0.0,23.426
1172,48,20,6,0.0,6.21,15.32,45.69,0.0,13.653,152.774,9.5,139.121,0.0,-25.537
1173,48,21,6,0.0,6.22,12.64,50.96,0.0,13.755,136.912,9.5,123.157,0.0,-15.862
1174,48,22,6,0.0,5.88,12.42,63.65,0.0,9.823,123.103,6.1,113.28,0.0,-13.809
1175,48,23,6,0.0,5.13,10.74,57.55,0.0,3.968,127.676,6.1,123.708,0.0,4.573
1176,49,0,0,0.0,5.76,10.22,60.65,0.0,8.619,139.949,3.75,131.33,0.0,12.273
1177,49,1,0,0.0,5.99,9.08,65.86,0.0,10.966,128.693,3.75,117.727,0.0,-11.256
1178,49,2,0,0.0,6.45,8.33,71.17,0.0,16.938,119.033,3.75,102.095,0.0,-9.66
1179,49,3,0,0.0,6.79,7.3,73.77,0.0,22.411,128.124,3.75,105.713,0.0,9.091
1180,49,4,0,0.0,6.73,7.92,70.02,0.0,21.304,156.754,3.75,135.45,0.0,28.63
1181,49,5,0,0.0,6.52,9.5,62.18,0.0,18.0,158.047,3.75,140.047,0.0,1.293
1182,49,6,0,0.0,5.89,8.4,68.95,0.0,9.891,166.611,8.2,156.72,0.0,8.564
1183,49,7,0,122.8,5.9,9.67,71.3,61.399,9.99,197.41,8.2,126.021,61.399,30.799
1184,49,8,0,291.37,5.91,12.09,65.82,145.687,10.123,214.4,8.2,58.59,84.288,16.99
1185,49,9,0,436.99,5.61,13.92,67.37,218.496,7.313,210.631,6.1,-15.178,72.809,-3.769
1186,49,10,0,568.84,6.38,13.99,66.73,284.419,15.916,215.391,6.1,-84.944,65.923,4.76
1187,49,11,0,673.26,6.6,16.33,54.38,336.63,19.184,206.667,6.1,-149.147,52.211,-8.724
1188,49,12,0,727.63,6.03,17.55,53.3,363.817,11.455,197.876,6.1,-177.396,27.187,-8.791
1189,49,13,0,696.17,6.96,15.96,45.46,348.086,25.521,174.599,6.1,-199.008,-15.731,-23.277
1190,49,14,0,642.02,6.96,18.95,47.94,321.011,25.533,163.883,6.1,-182.661,-27.075,-10.716
1191,49,15,0,510.5,6.55,19.23,46.79,255.249,18.469,158.72,6.1,-114.998,-65.762,-5.163
1192,49,16,0,321.34,7.49,19.03,40.71,160.668,37.326,186.611,6.1,-11.383,-94.581,27.891
1193,49,17,0,139.69,7.26,20.32,39.92,69.843,31.773,176.805,6.1,75.189,-90.825,-9.806
1194,49,18,0,0.0,7.69,16.21,36.45,0.0,42.444,215.926,9.5,173.482,-69.843,39.121
1195,49,19,0,0.0,7.66,15.43,40.61,0.0,41.596,198.542,9.5,156.946,0.0,-17.384
1196,49,20,0,0.0,7.09,11.84,42.97,0.0,28.12,212.156,9.5,184.036,0.0,13.614
1197,49,21,0,0.0,7.28,12.84,53.55,0.0,32.377,180.97,9.5,148.593,0.0,-31.186
1198,49,22,0,0.0,6.83,11.39,50.68,0.0,23.205,154.098,6.1,130.893,0.0,-26.872
1199,49,23,0,0.0,6.52,9.81,59.03,0.0,17.894,161.889,6.1,143.995,0.0,7.791
1200,50,0,1,0.0,6.35,10.64,50.87,0.0,15.433,142.862,3.75,127.429,0.0,-19.027
1201,50,1,1,0.0,6.17,9.39,79.48,0.0,13.139,125.004,3.75,111.865,0.0,-17.858
1202,50,2,1,0.0,6.33,7.85,71.0,0.0,15.133,131.058,3.75,115.925,0.0,6.054
1203,50,3,1,0.0,6.76,7.11,77.05,0.0,21.79,129.57,3.75,107.78,0.0,-1.488
1204,50,4,1,0.0,6.59,8.99,83.75,0.0,19.011,141.67,3.75,122.659,0.0,12.1
1205,50,5,1,0.0,6.55,8.34,76.12,0.0,18.344,153.025,3.75,134.681,0.0,11.355
1206,50,6,1,0.0,5.94,8.33,80.99,0.0,10.495,162.87,8.2,152.375,0.0,9.845
1207,50,7,1,121.3,6.02,8.5,61.69,60.649,11.374,167.461,8.2,95.438,60.649,4.591
1208,50,8,1,313.51,5.64,11.47,79.38,156.757,7.601,193.599,8.2,29.241,96.108,26.138
1209,50,9,1,497.24,5.5,14.46,66.7,248.62,6.464,216.03,6.1,-39.054,91.863,22.431
1210,50,10,1,666.61,5.41,17.84,56.26,333.307,5.788,213.332,6.1,-125.763,84.687,-2.698
1211,50,11,1,752.78,5.59,16.63,58.37,376.392,7.155,208.186,6.1,-175.361,43.085,-5.146
1212,50,12,1,781.12,6.06,16.88,37.99,390.562,11.811,192.216,6.1,-210.157,14.17,-15.97
1213,50,13,1,727.56,6.04,17.33,39.13,363.78,11.601,181.152,6.1,-194.229,-26.782,-11.064
1214,50,14,1,572.78,5.43,20.01,46.34,286.391,5.94,186.646,6.1,-105.685,-77.389,5.494
1215,50,15,1,421.62,6.47,17.44,24.48,210.808,17.143,162.96,6.1,-64.991,-75.583,-23.686
1216,50,16,1,253.34,6.05,20.01,38.36,126.668,11.698,183.267,6.1,44.901,-84.14,20.307
1217,50,17,1,99.71,6.02,19.73,38.87,49.853,11.294,189.208,6.1,128.061,-76.815,5.941
1218,50,18,1,0.0,7.07,18.32,49.49,0.0,27.78,201.794,9.5,174.014,-49.853,12.586
1219,50,19,1,0.0,7.85,16.29,31.36,0.0,46.875,198.025,9.5,151.15,0.0,-3.769
1220,50,20,1,0.0,7.71,15.79,54.66,0.0,42.925,194.957,9.5,152.032,0.0,-3.068
1221,50,21,1,0.0,7.79,13.76,46.47,0.0,45.335,183.394,9.5,138.059,0.0,-11.563
1222,50,22,1,0.0,8.16,11.07,52.32,0.0,56.448,162.053,6.1,105.605,0.0,-21.341
1223,50,23,1,0.0,7.6,12.78,52.84,0.0,40.187,153.899,6.1,113.712,0.0,-8.154
1224,51,0,2,0.0,7.71,9.03,58.47,0.0,42.923,134.987,3.75,92.064,0.0,-18.912
1225,51,1,2,0.0,7.2,9.43,71.56,0.0,30.594,149.312,3.75,118.718,0.0,14.325
1226,51,2,2,0.0,7.43,4.99,65.65,0.0,35.842,135.612,3.75,99.77,0.0,-13.7
1227,51,3,2,0.0,7.11,9.22,78.76,0.0,28.673,121.186,3.75,92.513,0.0,-14.426
1228,51,4,2,0.0,6.69,9.66,71.02,0.0,20.619,151.591,3.75,130.972,0.0,30.405
1229,51,5,2,0.0,7.17,8.53,67.04,0.0,29.89,150.161,3.75,120.271,0.0,-1.43
1230,51,6,2,0.0,6.57,10.12,69.15,0.0,18.748,181.373,8.2,162.625,0.0,31.212
1231,51,7,2,126.91,6.75,11.36,71.16,63.456,21.671,193.337,8.2,108.21,63.456,11.964
1232,51,8,2,287.32,5.87,11.37,63.34,143.659,9.689,193.722,8.2,40.374,80.203,0.385
1233,51,9,2,456.75,5.87,14.35,60.38,228.374,9.741,215.665,6.1,-22.45,84.715,21.943
1234,51,10,2,606.81,6.58,14.27,59.18,303.404,18.851,209.729,6.1,-112.526,75.03,-5.936
1235,51,11,2,683.04,7.03,15.96,56.32,341.522,26.856,210.315,6.1,-158.063,38.118,0.586
1236,51,12,2,721.45,6.94,19.29,43.14,360.726,25.114,204.585,6.1,-181.255,19.204,-5.73
1237,51,13,2,709.74,6.64,20.06,34.59,354.871,19.791,194.484,6.1,-180.178,-5.855,-10.101
1238,51,14,2,632.59,6.21,18.64,38.14,316.296,13.607,182.11,6.1,-147.793,-38.575,-12.374
1239,51,15,2,513.79,5.73,18.81,38.51,256.896,8.383,172.26,6.1,-93.019,-59.4,-9.85
1240,51,16,2,340.32,5.15,18.71,26.24,170.158,4.088,196.936,6.1,22.69,-86.738,24.676
1241,51,17,2,138.83,5.05,19.77,30.34,69.414,3.546,185.453,6.1,112.493,-100.744,-11.483
1242,51,18,2,0.0,4.75,16.73,33.36,0.0,2.199,186.492,9.5,184.293,-69.414,1.039
1243,51,19,2,0.0,5.33,17.12,39.61,0.0,5.231,192.07,9.5,186.839,0.0,5.578
1244,51,20,2,0.0,4.58,16.14,40.43,0.0,1.628,209.082,9.5,207.454,0.0,17.012
1245,51,21,2,0.0,5.34,13.59,54.07,0.0,5.298,182.38,9.5,177.082,0.0,-26.702
1246,51,22,2,0.0,5.1,13.35,45.37,0.0,3.805,167.087,6.1,163.282,0.0,-15.293
1247,51,23,2,0.0,5.9,10.33,50.7,0.0,10.032,146.539,6.1,136.507,0.0,-20.548
1248,52,0,3,0.0,6.26,9.33,63.0,0.0,14.211,127.389,3.75,113.178,0.0,-19.15
1249,52,1,3,0.0,5.83,7.46,68.09,0.0,9.316,125.316,3.75,116.0,0.0,-2.073
1250,52,2,3,0.0,6.1,9.25,63.59,0.0,12.257,136.834,3.75,124.577,0.0,11.518
1251,52,3,3,0.0,7.43,6.91,70.68,0.0,35.896,135.376,3.75,99.48,0.0,-1.458
1252,52,4,3,0.0,7.14,8.45,72.59,0.0,29.254,145.424,3.75,116.17,0.0,10.048
1253,52,5,3,0.0,6.78,8.55,71.96,0.0,22.201,154.142,3.75,131.941,0.0,8.718
1254,52,6,3,0.0,7.01,8.32,73.23,0.0,26.51,161.473,8.2,134.963,0.0,7.331
1255,52,7,3,129.51,7.31,10.1,65.17,64.753,32.876,169.462,8.2,71.833,64.753,7.989
1256,52,8,3,314.55,7.19,13.93,73.87,157.274,30.297,184.921,8.2,-2.65,92.521,15.459
1257,52,9,3,493.18,6.39,14.07,63.11,246.59,16.004,233.598,6.1,-28.996,89.316,48.677
1258,52,10,3,681.63,5.58,14.17,50.16,340.815,7.046,225.79,6.1,-122.071,94.225,-7.808
1259,52,11,3,768.89,6.6,17.19,50.39,384.447,19.246,220.508,6.1,-183.185,43.632,-5.282
1260,52,12,3,829.02,6.63,17.9,45.74,414.51,19.686,193.3,6.1,-240.896,30.063,-27.208
1261,52,13,3,790.22,6.31,23.17,48.15,395.11,14.918,185.209,6.1,-224.819,-19.4,-8.091
1262,52,14,3,699.68,6.4,19.97,34.08,349.841,16.152,168.004,6.1,-197.989,-45.269,-17.205
1263,52,15,3,525.68,6.43,19.37,40.29,262.841,16.6,160.75,6.1,-118.691,-87.0,-7.254
1264,52,16,3,332.58,5.66,21.33,35.25,166.292,7.753,171.932,6.1,-2.113,-96.549,11.182
1265,52,17,3,140.06,5.16,16.81,44.63,70.031,4.17,198.528,6.1,124.327,-96.261,26.596
1266,52,18,3,0.0,5.14,18.18,45.42,0.0,4.033,205.595,9.5,201.562,-70.031,7.067
1267,52,19,3,0.0,6.66,19.22,42.04,0.0,20.205,195.137,9.5,174.932,0.0,-10.458
1268,52,20,3,0.0,6.38,15.24,43.43,0.0,15.948,194.296,9.5,178.348,0.0,-0.841
1269,52,21,3,0.0,6.54,11.75,52.86,0.0,18.319,188.546,9.5,170.227,0.0,-5.75
1270,52,22,3,0.0,5.85,11.8,53.92,0.0,9.499,160.847,6.1,151.348,0.0,-27.699
1271,52,23,3,0.0,5.71,12.57,70.26,0.0,8.167,151.153,6.1,142.986,0.0,-9.694
1272,53,0,4,0.0,5.59,10.17,65.47,0.0,7.183,133.913,3.75,126.73,0.0,-17.24
1273,53,1,4,0.0,5.99,7.76,66.71,0.0,10.974,134.426,3.75,123.452,0.0,0.513
1274,53,2,4,0.0,5.74,7.35,69.56,0.0,8.426,134.78,3.75,126.354,0.0,0.354
1275,53,3,4,0.0,6.65,7.29,67.04,0.0,20.089,130.601,3.75,110.512,0.0,-4.179
1276,53,4,4,0.0,6.06,8.6,78.34,0.0,11.771,137.198,3.75,125.427,0.0,6.597
1277,53,5,4,0.0,6.76,10.38,69.4,0.0,21.887,141.996,3.75,120.109,0.0,4.798
1278,53,6,4,0.0,6.15,10.99,78.91,0.0,12.823,151.995,8.2,139.172,0.0,9.999
1279,53,7,4,146.53,6.8,11.51,61.38,73.266,22.566,179.782,8.2,83.95,73.266,27.787
1280,53,8,4,355.38,6.68,10.82,65.76,177.692,20.45,203.346,8.2,5.204,104.426,23.564
1281,53,9,4,513.85,8.11,12.37,67.08,256.926,54.95,197.842,6.1,-114.034,79.234,-5.504
1282,53,10,4,621.04,7.23,16.16,42.09,310.518,31.127,215.637,6.1,-126.008,53.592,17.795
1283,53,11,4,739.62,7.25,15.35,61.93,369.812,31.611,215.563,6.1,-185.86,59.294,-0.074
1284,53,12,4,776.1,8.28,17.94,42.45,388.052,60.73,183.529,6.1,-265.253,18.24,-32.034
1285,53,13,4,748.92,8.06,19.53,41.7,374.46,53.164,182.527,6.1,-245.097,-13.592,-1.002
1286,53,14,4,619.55,8.73,18.4,41.11,309.777,77.382,187.28,6.1,-199.879,-64.683,4.753
1287,53,15,4,477.78,7.86,18.74,40.04,238.891,47.118,175.253,6.1,-110.756,-70.886,-12.027
1288,53,16,4,328.0,7.38,19.65,36.64,163.998,34.611,161.257,6.1,-37.352,-74.893,-13.996
1289,53,17,4,142.78,6.94,19.77,41.67,71.389,25.157,192.737,6.1,96.191,-92.609,31.48
1290,53,18,4,0.0,6.88,19.48,40.79,0.0,23.989,192.412,9.5,168.423,-71.389,-0.325
1291,53,19,4,0.0,6.64,17.69,51.42,0.0,19.885,207.944,9.5,188.059,0.0,15.532
1292,53,20,4,0.0,5.84,15.61,48.13,0.0,9.441,190.824,9.5,181.383,0.0,-17.12
1293,53,21,4,0.0,6.1,13.07,61.61,0.0,12.293,181.693,9.5,169.4,0.0,-9.131
1294,53,22,4,0.0,5.93,11.13,60.41,0.0,10.382,160.72,6.1,150.338,0.0,-20.973
1295,53,23,4,0.0,6.98,10.35,49.34,0.0,25.851,150.182,6.1,124.331,0.0,-10.538
1296,54,0,5,0.0,6.57,10.35,80.67,0.0,18.665,97.165,3.75,78.5,0.0,-53.017
1297,54,1,5,0.0,6.91,9.31,65.7,0.0,24.607,100.383,3.75,75.776,0.0,3.218
1298,54,2,5,0.0,6.86,5.79,81.29,0.0,23.613,93.893,3.75,70.28,0.0,-6.49
1299,54,3,5,0.0,7.5,7.16,74.48,0.0,37.426,109.622,3.75,72.196,0.0,15.729
1300,54,4,5,0.0,6.93,9.75,81.37,0.0,24.923,111.593,3.75,86.67,0.0,1.971
1301,54,5,5,0.0,6.26,9.0,70.19,0.0,14.275,104.62,3.75,90.345,0.0,-6.973
1302,54,6,5,0.0,5.77,8.16,76.07,0.0,8.779,135.939,8.2,127.16,0.0,31.319
1303,54,7,5,121.63,5.26,13.93,67.62,60.817,4.744,139.202,8.2,73.641,60.817,3.263
1304,54,8,5,286.69,5.62,12.52,74.47,143.344,7.394,154.448,8.2,3.71,82.527,15.246
1305,54,9,5,411.45,5.46,14.57,62.81,205.726,6.142,168.661,6.1,-43.207,62.382,14.213
1306,54,10,5,524.29,6.1,16.14,60.62,262.143,12.31,168.726,6.1,-105.727,56.417,0.065
1307,54,11,5,651.01,6.16,16.66,36.84,325.503,13.022,172.178,6.1,-166.347,63.36,3.452
1308,54,12,5,615.08,7.09,17.47,44.49,307.542,28.102,151.902,6.1,-183.742,-17.961,-20.276
1309,54,13,5,594.96,6.75,21.85,43.32,297.478,21.685,151.994,6.1,-167.169,-10.064,0.092
1310,54,14,5,502.75,6.3,21.1,39.02,251.376,14.781,136.468,6.1,-129.689,-46.102,-15.526
1311,54,15,5,411.62,6.6,21.09,41.45,205.812,19.143,136.999,6.1,-87.956,-45.564,0.531
1312,54,16,5,260.38,5.62,20.59,32.8,130.192,7.431,140.356,6.1,2.733,-75.62,3.357
1313,54,17,5,114.99,6.87,18.1,35.97,57.494,23.785,155.807,6.1,74.528,-72.698,15.451
1314,54,18,5,0.0,5.98,19.88,44.77,0.0,10.894,160.153,9.5,149.259,-57.494,4.346
1315,54,19,5,0.0,6.12,16.09,27.19,0.0,12.479,153.966,9.5,141.487,0.0,-6.187
1316,54,20,5,0.0,6.35,16.0,48.54,0.0,15.402,147.657,9.5,132.255,0.0,-6.309
1317,54,21,5,0.0,6.87,12.14,47.82,0.0,23.837,141.317,9.5,117.48,0.0,-6.34
1318,54,22,5,0.0,6.51,10.1,49.53,0.0,17.799,122.331,6.1,104.532,0.0,-18.986
1319,54,23,5,0.0,6.42,11.49,62.2,0.0,16.401,108.428,6.1,92.027,0.0,-13.903
1320,55,0,6,0.0,6.04,9.03,72.36,0.0,11.605,84.441,3.75,72.836,0.0,-23.987
1321,55,1,6,0.0,5.53,6.66,75.38,0.0,6.691,89.538,3.75,82.847,0.0,5.097
1322,55,2,6,0.0,6.03,9.1,71.51,0.0,11.487,118.939,3.75,107.452,0.0,29.401
1323,55,3,6,0.0,6.32,10.79,79.57,0.0,15.078,100.198,3.75,85.12,0.0,-18.741
1324,55,4,6,0.0,7.16,10.12,80.21,0.0,29.654,125.161,3.75,95.507,0.0,24.963
1325,55,5,6,0.0,6.74,8.74,73.79,0.0,21.595,120.502,3.75,98.907,0.0,-4.659
1326,55,6,6,0.0,6.27,10.01,68.16,0.0,14.434,127.298,8.2,112.864,0.0,6.796
1327,55,7,6,124.25,5.87,12.31,65.33,62.125,9.751,128.279,8.2,56.403,62.125,0.981
1328,55,8,6,293.74,5.16,14.04,70.03,146.869,4.149,152.833,8.2,1.815,84.744,24.554
1329,55,9,6,477.9,5.54,13.83,59.92,238.952,6.719,177.302,6.1,-68.369,92.083,24.469
1330,55,10,6,582.15,4.75,15.84,48.72,291.073,2.221,178.172,6.1,-115.122,52.121,0.87
1331,55,11,6,650.68,4.82,17.61,39.71,325.339,2.49,164.669,6.1,-163.16,34.266,-13.503
1332,55,12,6,715.28,4.98,19.15,49.99,357.638,3.177,144.698,6.1,-216.117,32.299,-19.971
1333,55,13,6,697.58,5.17,19.28,37.58,348.792,4.225,135.725,6.1,-217.292,-8.846,-8.973
1334,55,14,6,619.32,6.46,19.9,39.66,309.66,17.003,128.347,6.1,-198.316,-39.132,-7.378
1335,55,15,6,510.91,5.5,21.9,43.12,255.453,6.401,142.852,6.1,-119.002,-54.207,14.505
1336,55,16,6,330.17,5.17,21.49,27.15,165.086,4.2,149.86,6.1,-19.426,-90.367,7.008
1337,55,17,6,142.92,5.68,20.01,35.41,71.462,7.946,147.107,6.1,67.699,-93.624,-2.753
1338,55,18,6,0.0,6.24,20.55,36.66,0.0,13.968,151.596,9.5,137.628,-71.462,4.489
1339,55,19,6,0.0,6.86,16.78,43.14,0.0,23.759,169.53,9.5,145.771,0.0,17.934
1340,55,20,6,0.0,7.14,17.75,52.43,0.0,29.252,144.601,9.5,115.349,0.0,-24.929
1341,55,21,6,0.0,6.74,14.9,41.85,0.0,21.488,141.798,9.5,120.31,0.0,-2.803
1342,55,22,6,0.0,6.98,16.62,58.42,0.0,25.894,131.814,6.1,105.92,0.0,-9.984
1343,55,23,6,0.0,7.47,9.81,66.37,0.0,36.76,109.669,6.1,72.909,0.0,-22.145
1344,56,0,0,0.0,7.76,9.32,63.88,0.0,44.362,124.695,3.75,80.333,0.0,15.026
1345,56,1,0,0.0,7.0,9.69,68.32,0.0,26.424,124.669,3.75,98.245,0.0,-0.026
1346,56,2,0,0.0,6.53,9.07,74.83,0.0,18.034,143.151,3.75,125.117,0.0,18.482
1347,56,3,0,0.0,6.0,10.73,76.39,0.0,11.153,150.194,3.75,139.041,0.0,7.043
1348,56,4,0,0.0,6.66,7.79,78.49,0.0,20.101,141.532,3.75,121.431,0.0,-8.662
1349,56,5,0,0.0,6.64,10.28,77.69,0.0,19.781,147.861,3.75,128.08,0.0,6.329
1350,56,6,0,0.0,6.34,11.54,66.43,0.0,15.282,158.535,8.2,143.253,0.0,10.674
1351,56,7,0,146.37,5.86,12.23,75.08,73.184,9.657,179.448,8.2,96.607,73.184,20.913
1352,56,8,0,327.6,5.31,11.68,72.0,163.799,5.043,191.036,8.2,22.194,90.615,11.588
1353,56,9,0,519.07,5.77,16.08,61.29,259.533,8.728,206.645,6.1,-61.616,95.734,15.609
1354,56,10,0,717.15,5.24,17.41,46.04,358.576,4.63,215.264,6.1,-147.942,99.043,8.619
1355,56,11,0,831.48,5.5,18.11,49.14,415.74,6.448,204.577,6.1,-217.611,57.164,-10.687
1356,56,12,0,851.25,5.29,18.87,46.17,425.627,4.922,195.318,6.1,-235.231,9.887,-9.259
1357,56,13,0,794.32,4.93,19.85,33.99,397.162,2.948,181.914,6.1,-218.196,-28.465,-13.404
1358,56,14,0,676.28,4.26,20.09,35.52,338.138,0.826,170.35,6.1,-168.614,-59.024,-11.564
1359,56,15,0,513.39,4.38,21.16,27.23,256.695,1.073,166.109,6.1,-91.659,-81.443,-4.241
1360,56,16,0,322.23,4.55,20.22,38.64,161.114,1.52,181.084,6.1,18.45,-95.581,14.975
1361,56,17,0,141.16,5.61,18.56,36.68,70.582,7.332,171.991,6.1,94.077,-90.532,-9.093
1362,56,18,0,0.0,5.52,17.37,27.8,0.0,6.614,209.599,9.5,202.985,-70.582,37.608
1363,56,19,0,0.0,5.15,16.48,42.97,0.0,4.078,202.08,9.5,198.002,0.0,-7.519
1364,56,20,0,0.0,5.47,16.21,44.66,0.0,6.198,199.85,9.5,193.652,0.0,-2.23
1365,56,21,0,0.0,4.88,14.35,52.92,0.0,2.715,186.642,9.5,183.927,0.0,-13.208
1366,56,22,0,0.0,6.07,13.09,52.65,0.0,11.857,158.2,6.1,146.343,0.0,-28.442
1367,56,23,0,0.0,6.78,11.99,55.37,0.0,22.162,141.79,6.1,119.628,0.0,-16.41
1368,57,0,1,0.0,7.05,9.53,60.37,0.0,27.349,121.227,3.75,93.878,0.0,-20.563
1369,57,1,1,0.0,7.77,11.09,65.91,0.0,44.584,128.104,3.75,83.52,0.0,6.877
1370,57,2,1,0.0,7.48,8.41,72.43,0.0,36.963,137.109,3.75,100.146,0.0,9.005
1371,57,3,1,0.0,7.85,8.01,75.21,0.0,47.091,129.9,3.75,82.809,0.0,-7.209
1372,57,4,1,0.0,7.58,9.31,73.86,0.0,39.584,145.155,3.75,105.571,0.0,15.255
1373,57,5,1,0.0,9.02,7.13,71.78,0.0,89.604,130.72,3.75,41.116,0.0,-14.435
1374,57,6,1,0.0,8.64,9.34,70.21,0.0,74.025,159.875,8.2,85.85,0.0,29.155
1375,57,7,1,137.77,8.39,12.71,84.19,68.886,64.369,188.36,8.2,55.105,68.886,28.485
1376,57,8,1,330.2,8.1,10.89,60.38,165.101,54.518,193.622,8.2,-25.997,96.215,5.262
1377,57,9,1,519.82,7.99,15.87,56.83,259.911,51.24,200.313,6.1,-110.838,94.81,6.691
1378,57,10,1,681.15,8.93,17.9,74.76,340.577,85.888,206.218,6.1,-220.247,80.666,5.905
1379,57,11,1,821.04,8.02,17.09,52.35,410.522,51.906,183.119,6.1,-279.309,69.945,-23.099
1380,57,12,1,885.96,7.31,19.12,36.72,442.978,32.922,188.289,6.1,-287.611,32.456,5.17
1381,57,13,1,761.96,7.17,21.07,45.91,380.98,29.939,191.435,6.1,-219.484,-61.998,3.146
1382,57,14,1,653.3,7.08,19.76,32.22,326.651,28.051,167.834,6.1,-186.868,-54.329,-23.601
1383,57,15,1,499.21,6.78,21.57,41.14,249.607,22.163,165.536,6.1,-106.234,-77.044,-2.298
1384,57,16,1,298.74,6.16,19.52,33.73,149.37,13.039,155.931,6.1,-6.478,-100.237,-9.605
1385,57,17,1,128.31,6.63,19.15,33.04,64.157,19.62,172.684,6.1,88.907,-85.213,16.753
1386,57,18,1,0.0,6.23,17.81,47.33,0.0,13.86,206.074,9.5,192.214,-64.157,33.39
1387,57,19,1,0.0,6.72,17.94,44.26,0.0,21.11,205.474,9.5,184.364,0.0,-0.6
1388,57,20,1,0.0,8.07,17.47,50.84,0.0,53.685,184.143,9.5,130.458,0.0,-21.331
1389,57,21,1,0.0,8.64,14.31,52.43,0.0,73.829,175.382,9.5,101.553,0.0,-8.761
1390,57,22,1,0.0,7.88,11.45,52.33,0.0,47.84,163.255,6.1,115.415,0.0,-12.127
1391,57,23,1,0.0,7.31,10.23,63.84,0.0,32.838,139.194,6.1,106.356,0.0,-24.061
1392,58,0,2,0.0,6.91,10.9,72.26,0.0,24.677,113.159,3.75,88.482,0.0,-26.035
1393,58,1,2,0.0,7.18,11.69,69.95,0.0,30.129,128.512,3.75,98.383,0.0,15.353
1394,58,2,2,0.0,7.51,9.35,83.13,0.0,37.743,135.798,3.75,98.055,0.0,7.286
1395,58,3,2,0.0,6.63,8.21,79.42,0.0,19.76,139.0,3.75,119.24,0.0,3.202
1396,58,4,2,0.0,6.46,9.8,76.27,0.0,17.114,146.976,3.75,129.862,0.0,7.976
1397,58,5,2,0.0,7.14,9.19,75.83,0.0,29.283,136.896,3.75,107.613,0.0,-10.08
1398,58,6,2,0.0,7.12,9.98,73.14,0.0,28.852,163.054,8.2,134.202,0.0,26.158
1399,58,7,2,133.38,7.11,10.52,61.63,66.689,28.666,176.47,8.2,81.115,66.689,13.416
1400,58,8,2,328.07,6.65,14.81,64.46,164.035,19.947,193.851,8.2,9.869,97.346,17.381
1401,58,9,2,508.11,6.47,11.63,61.5,254.054,17.134,204.783,6.1,-66.405,90.019,10.932
1402,58,10,2,656.25,6.72,17.18,52.5,328.126,21.269,205.71,6.1,-143.685,74.072,0.927
1403,58,11,2,743.43,7.0,17.12,51.85,371.716,26.282,182.732,6.1,-215.266,43.59,-22.978
1404,58,12,2,763.1,7.54,18.42,45.13,381.548,38.577,205.234,6.1,-214.891,9.832,22.502
1405,58,13,2,750.73,6.77,21.9,45.5,375.364,22.057,185.203,6.1,-212.218,-6.184,-20.031
1406,58,14,2,657.9,6.9,19.61,41.66,328.95,24.382,160.23,6.1,-193.102,-46.414,-24.973
1407,58,15,2,516.97,6.89,19.86,36.68,258.487,24.226,172.654,6.1,-110.059,-70.463,12.424
1408,58,16,2,328.61,6.29,20.31,26.8,164.304,14.641,170.612,6.1,-8.333,-94.183,-2.042
1409,58,17,2,141.78,6.28,20.37,46.43,70.891,14.581,181.958,6.1,96.486,-93.413,11.346
1410,58,18,2,0.0,6.28,18.38,36.83,0.0,14.584,189.961,9.5,175.377,-70.891,8.003
1411,58,19,2,0.0,5.75,15.78,40.37,0.0,8.544,204.377,9.5,195.833,0.0,14.416
1412,58,20,2,0.0,5.6,15.19,42.94,0.0,7.271,187.684,9.5,180.413,0.0,-16.693
1413,58,21,2,0.0,6.57,16.21,46.89,0.0,18.695,171.244,9.5,152.549,0.0,-16.44
1414,58,22,2,0.0,7.23,13.21,64.26,0.0,31.039,172.173,6.1,141.134,0.0,0.929
1415,58,23,2,0.0,7.51,12.21,68.49,0.0,37.762,146.995,6.1,109.233,0.0,-25.178
1416,59,0,3,0.0,7.1,10.26,67.67,0.0,28.386,127.723,3.75,99.337,0.0,-19.272
1417,59,1,3,0.0,6.93,8.83,68.5,0.0,25.003,135.035,3.75,110.032,0.0,7.312
1418,59,2,3,0.0,7.92,11.03,76.04,0.0,48.962,125.583,3.75,76.621,0.0,-9.452
1419,59,3,3,0.0,8.49,8.59,74.76,0.0,67.979,130.22,3.75,62.241,0.0,4.637
1420,59,4,3,0.0,8.7,8.49,73.86,0.0,76.388,142.106,3.75,65.718,0.0,11.886
1421,59,5,3,0.0,8.13,10.94,76.35,0.0,55.633,136.659,3.75,81.026,0.0,-5.447
1422,59,6,3,0.0,7.4,9.71,69.67,0.0,35.173,163.996,8.2,128.823,0.0,27.337
1423,59,7,3,156.28,6.75,11.1,70.66,78.138,21.73,172.173,8.2,72.305,78.138,8.177
1424,59,8,3,365.4,5.93,13.28,66.23,182.699,10.403,200.957,8.2,7.855,104.561,28.784
1425,59,9,3,550.54,6.02,14.82,63.79,275.272,11.369,210.389,6.1,-76.252,92.573,9.432
1426,59,10,3,729.88,6.18,16.68,51.29,364.942,13.216,213.838,6.1,-164.32,89.67,3.449
1427,59,11,3,857.58,7.12,20.33,54.08,428.791,28.813,193.556,6.1,-264.048,63.849,-20.282
1428,59,12,3,905.14,7.14,19.46,39.56,452.569,29.274,194.674,6.1,-287.169,23.778,1.118
1429,59,13,3,874.12,6.62,17.16,37.42,437.058,19.559,172.737,6.1,-283.88,-15.511,-21.937
1430,59,14,3,742.31,7.02,21.0,34.51,371.156,26.653,171.424,6.1,-226.385,-65.902,-1.313
1431,59,15,3,547.49,6.54,20.86,29.25,273.747,18.183,149.969,6.1,-141.961,-97.409,-21.455
1432,59,16,3,336.5,7.21,20.66,41.09,168.249,30.763,161.474,6.1,-37.538,-105.498,11.505
1433,59,17,3,134.53,6.39,20.31,29.87,67.265,16.101,194.408,6.1,111.042,-100.984,32.934
1434,59,18,3,0.0,6.05,19.03,33.49,0.0,11.639,198.622,9.5,186.983,-67.265,4.214
1435,59,19,3,0.0,7.4,17.75,48.39,0.0,35.003,196.803,9.5,161.8,0.0,-1.819
1436,59,20,3,0.0,7.02,17.11,41.58,0.0,26.767,186.379,9.5,159.612,0.0,-10.424
1437,59,21,3,0.0,6.03,14.17,48.69,0.0,11.426,170.942,9.5,159.516,0.0,-15.437
1438,59,22,3,0.0,5.81,12.13,48.93,0.0,9.095,164.355,6.1,155.26,0.0,-6.587
1439,59,23,3,0.0,5.7,15.45,65.17,0.0,8.13,145.345,6.1,137.215,0.0,-19.01
1440,60,0,4,0.0,5.43,9.86,70.08,0.0,5.937,140.991,3.75,135.054,0.0,-4.354
1441,60,1,4,0.0,5.88,9.89,73.58,0.0,9.806,127.732,3.75,117.926,0.0,-13.259
1442,60,2,4,0.0,5.98,7.37,75.55,0.0,10.905,131.105,3.75,120.2,0.0,3.373
1443,60,3,4,0.0,6.27,9.1,74.76,0.0,14.408,122.561,3.75,108.153,0.0,-8.544
1444,60,4,4,0.0,6.49,8.05,71.85,0.0,17.539,136.467,3.75,118.928,0.0,13.906
1445,60,5,4,0.0,5.65,9.24,69.43,0.0,7.669,150.077,3.75,142.408,0.0,13.61
1446,60,6,4,0.0,5.34,11.97,80.06,0.0,5.277,158.887,8.2,153.61,0.0,8.81
1447,60,7,4,149.54,6.13,12.53,73.73,74.769,12.675,173.94,8.2,86.496,74.769,15.053
1448,60,8,4,345.7,6.87,14.09,60.84,172.849,23.785,196.3,8.2,-0.334,98.08,22.36
1449,60,9,4,528.49,6.76,12.84,60.42,264.243,21.839,217.68,6.1,-68.402,91.394,21.38
1450,60,10,4,677.68,6.52,18.72,53.2,338.84,17.959,211.217,6.1,-145.582,74.597,-6.463
1451,60,11,4,792.76,6.36,16.53,43.05,396.382,15.667,215.109,6.1,-196.94,57.542,3.892
1452,60,12,4,823.2,6.24,21.04,46.07,411.599,13.946,200.042,6.1,-225.503,15.217,-15.067
1453,60,13,4,773.92,7.07,21.38,38.36,386.961,27.815,190.427,6.1,-224.349,-24.638,-9.615
1454,60,14,4,704.49,6.18,21.45,31.96,352.247,13.222,166.462,6.1,-199.007,-34.714,-23.965
1455,60,15,4,535.94,6.32,19.94,26.81,267.971,15.007,166.464,6.1,-116.514,-84.276,0.002
1456,60,16,4,365.85,6.09,20.94,25.62,182.926,12.17,171.795,6.1,-23.301,-85.045,5.331
1457,60,17,4,154.09,6.8,19.59,33.45,77.043,22.627,188.858,6.1,89.188,-105.883,17.063
1458,60,18,4,0.0,7.02,19.24,37.17,0.0,26.737,201.577,9.5,174.84,-77.043,12.719
1459,60,19,4,0.0,6.83,17.66,35.61,0.0,23.151,200.193,9.5,177.042,0.0,-1.384
1460,60,20,4,0.0,7.07,14.07,48.9,0.0,27.691,200.235,9.5,172.544,0.0,0.042
1461,60,21,4,0.0,8.24,16.31,49.43,0.0,59.057,174.712,9.5,115.655,0.0,-25.523
1462,60,22,4,0.0,7.69,13.31,58.46,0.0,42.499,169.478,6.1,126.979,0.0,-5.234
1463,60,23,4,0.0,7.7,11.38,59.08,0.0,42.659,155.894,6.1,113.235,0.0,-13.584
1464,61,0,5,0.0,8.39,10.19,60.28,0.0,64.584,105.524,3.75,40.94,0.0,-50.37
1465,61,1,5,0.0,8.56,10.34,69.83,0.0,70.7,101.637,3.75,30.937,0.0,-3.887
1466,61,2,5,0.0,7.65,8.24,64.74,0.0,41.346,107.38,3.75,66.034,0.0,5.743
1467,61,3,5,0.0,7.89,6.4,77.56,0.0,48.121,96.883,3.75,48.762,0.0,-10.497
1468,61,4,5,0.0,7.83,9.8,69.38,0.0,46.458,110.045,3.75,63.587,0.0,13.162
1469,61,5,5,0.0,8.25,10.54,79.83,0.0,59.673,118.107,3.75,58.434,0.0,8.062
1470,61,6,5,0.0,7.9,10.63,70.29,0.0,48.431,115.346,8.2,66.915,0.0,-2.761
1471,61,7,5,131.04,7.64,10.73,75.52,65.52,41.083,142.198,8.2,35.595,65.52,26.852
1472,61,8,5,309.93,7.91,13.66,58.26,154.965,48.654,140.754,8.2,-62.865,89.445,-1.444
1473,61,9,5,448.35,7.41,13.35,56.11,224.174,35.247,156.565,6.1,-102.856,69.209,15.811
1474,61,10,5,587.11,7.33,15.43,57.29,293.557,33.328,163.806,6.1,-163.079,69.383,7.241
1475,61,11,5,681.09,7.89,17.21,56.85,340.547,48.204,154.449,6.1,-234.302,46.99,-9.357
1476,61,12,5,779.93,7.01,20.36,55.0,389.964,26.5,152.483,6.1,-263.981,49.417,-1.966
1477,61,13,5,708.47,7.11,19.87,41.11,354.237,28.66,141.99,6.1,-240.907,-35.727,-10.493
1478,61,14,5,610.54,8.23,20.37,48.71,305.271,58.735,126.792,6.1,-237.214,-48.966,-15.198
1479,61,15,5,503.6,8.0,23.45,33.94,251.8,51.39,135.391,6.1,-167.799,-53.471,8.599
1480,61,16,5,326.45,8.16,21.33,41.59,163.223,56.388,128.857,6.1,-90.754,-88.577,-6.534
1481,61,17,5,141.35,8.89,20.71,30.03,70.673,84.238,161.89,6.1,6.979,-92.55,33.033
1482,61,18,5,0.0,8.27,18.91,40.2,0.0,60.135,151.078,9.5,90.943,-70.673,-10.812
1483,61,19,5,0.0,7.26,17.39,26.81,0.0,31.737,145.661,9.5,113.924,0.0,-5.417
1484,61,20,5,0.0,6.32,14.04,38.27,0.0,15.068,142.509,9.5,127.441,0.0,-3.152
1485,61,21,5,0.0,6.03,16.27,52.62,0.0,11.447,148.667,9.5,137.22,0.0,6.158
1486,61,22,5,0.0,7.45,14.09,47.13,0.0,36.267,123.118,6.1,86.851,0.0,-25.549
1487,61,23,5,0.0,7.04,11.89,62.74,0.0,27.13,104.097,6.1,76.967,0.0,-19.021
1488,62,0,6,0.0,7.89,10.85,70.44,0.0,47.992,106.718,3.75,58.726,0.0,2.621
1489,62,1,6,0.0,7.4,10.94,66.13,0.0,34.962,97.023,3.75,62.061,0.0,-9.695
1490,62,2,6,0.0,7.63,7.59,66.51,0.0,40.844,106.682,3.75,65.838,0.0,9.659
1491,62,3,6,0.0,6.68,8.55,71.47,0.0,20.504,111.296,3.75,90.792,0.0,4.614
1492,62,4,6,0.0,6.7,8.1,69.21,0.0,20.821,110.421,3.75,89.6,0.0,-0.875
1493,62,5,6,0.0,6.58,12.19,73.71,0.0,18.834,134.622,3.75,115.788,0.0,24.201
1494,62,6,6,0.0,5.87,12.06,72.93,0.0,9.748,111.914,8.2,102.166,0.0,-22.708
1495,62,7,6,124.49,6.49,9.61,67.31,62.246,17.502,131.56,8.2,51.812,62.246,19.646
1496,62,8,6,300.0,6.51,11.89,75.05,149.998,17.747,148.373,8.2,-19.372,87.752,16.813
1497,62,9,6,454.22,6.06,15.1,55.86,227.111,11.808,177.734,6.1,-61.185,77.113,29.361
1498,62,10,6,615.21,6.29,16.24,63.35,307.606,14.649,177.52,6.1,-144.735,80.495,-0.214
1499,62,11,6,683.11,6.61,16.67,43.58,341.555,19.351,170.26,6.1,-190.646,33.949,-7.26
1500,62,12,6,707.48,6.19,21.83,45.44,353.74,13.346,145.143,6.1,-221.943,12.185,-25.117
1501,62,13,6,668.61,5.75,20.83,47.96,334.304,8.59,135.734,6.1,-207.16,-19.436,-9.409
1502,62,14,6,619.55,6.02,21.62,44.47,309.777,11.291,126.439,6.1,-194.629,-24.527,-9.295
1503,62,15,6,485.46,6.65,20.43,33.16,242.731,20.07,124.299,6.1,-138.502,-67.046,-2.14
1504,62,16,6,308.61,7.12,21.92,38.33,154.305,28.676,146.622,6.1,-36.359,-88.426,22.323
1505,62,17,6,134.26,6.93,20.0,38.21,67.132,25.024,141.328,6.1,49.172,-87.173,-5.294
1506,62,18,6,0.0,6.82,19.16,34.44,0.0,22.985,150.735,9.5,127.75,-67.132,9.407
1507,62,19,6,0.0,6.85,18.99,44.55,0.0,23.472,160.894,9.5,137.422,0.0,10.159
1508,62,20,6,0.0,6.02,14.85,56.17,0.0,11.333,136.752,9.5,125.419,0.0,-24.142
1509,62,21,6,0.0,6.37,17.17,52.65,0.0,15.766,139.608,9.5,123.842,0.0,2.856
1510,62,22,6,0.0,6.64,13.92,58.4,0.0,19.776,117.345,6.1,97.569,0.0,-22.263
1511,62,23,6,0.0,7.48,13.79,64.21,0.0,36.98,112.405,6.1,75.425,0.0,-4.94
1512,63,0,0,0.0,8.89,9.87,56.23,0.0,84.265,123.099,3.75,38.834,0.0,10.694
1513,63,1,0,0.0,8.28,9.1,71.9,0.0,60.517,123.274,3.75,62.757,0.0,0.175
1514,63,2,0,0.0,7.7,8.21,66.22,0.0,42.735,131.599,3.75,88.864,0.0,8.325
1515,63,3,0,0.0,7.37,9.7,70.78,0.0,34.33,134.579,3.75,100.249,0.0,2.98
1516,63,4,0,0.0,6.79,9.69,87.97,0.0,22.473,136.697,3.75,114.224,0.0,2.118
1517,63,5,0,0.0,6.27,9.65,72.8,0.0,14.341,150.671,3.75,136.33,0.0,13.974
1518,63,6,0,0.0,6.24,9.94,67.88,0.0,13.991,153.879,8.2,139.888,0.0,3.208
1519,63,7,0,124.41,6.8,10.88,76.06,62.206,22.543,182.133,8.2,97.384,62.206,28.254
1520,63,8,0,281.74,7.24,13.79,59.31,140.868,31.472,190.789,8.2,18.449,78.662,8.656
1521,63,9,0,399.81,6.86,14.84,57.49,199.906,23.75,200.369,6.1,-23.287,59.038,9.58
1522,63,10,0,529.63,6.09,16.13,62.49,264.813,12.19,202.348,6.1,-74.655,64.907,1.979
1523,63,11,0,621.22,5.56,20.26,50.08,310.609,6.902,202.699,6.1,-114.812,45.796,0.351
1524,63,12,0,653.4,5.22,19.55,35.63,326.7,4.53,208.779,6.1,-122.451,16.091,6.08
1525,63,13,0,668.14,5.62,22.12,44.12,334.07,7.382,180.077,6.1,-161.375,7.37,-28.702
1526,63,14,0,616.53,5.5,20.56,35.3,308.264,6.452,161.082,6.1,-153.634,-25.806,-18.995
1527,63,15,0,474.55,6.33,21.7,44.92,237.277,15.137,174.388,6.1,-78.026,-70.987,13.306
1528,63,16,0,280.45,6.42,21.13,31.36,140.224,16.525,168.526,6.1,11.777,-97.053,-5.862
1529,63,17,0,124.12,5.88,18.56,41.99,62.06,9.825,185.571,6.1,113.686,-78.164,17.045
1530,63,18,0,0.0,5.23,21.36,48.33,0.0,4.548,189.136,9.5,184.588,-62.06,3.565
1531,63,19,0,0.0,5.54,18.24,35.75,0.0,6.732,208.158,9.5,201.426,0.0,19.022
1532,63,20,0,0.0,4.94,17.85,43.84,0.0,3.016,187.252,9.5,184.236,0.0,-20.906
1533,63,21,0,0.0,4.99,14.5,52.16,0.0,3.263,189.249,9.5,185.986,0.0,1.997
1534,63,22,0,0.0,4.87,13.65,49.86,0.0,2.679,152.956,6.1,150.277,0.0,-36.293
1535,63,23,0,0.0,4.99,11.36,61.8,0.0,3.257,144.473,6.1,141.216,0.0,-8.483
1536,64,0,1,0.0,5.14,12.79,63.65,0.0,4.048,138.724,3.75,134.676,0.0,-5.749
1537,64,1,1,0.0,5.66,10.73,67.67,0.0,7.719,129.456,3.75,121.737,0.0,-9.268
1538,64,2,1,0.0,5.38,10.2,72.61,0.0,5.54,147.695,3.75,142.155,0.0,18.239
1539,64,3,1,0.0,6.74,11.18,74.75,0.0,21.539,130.379,3.75,108.84,0.0,-17.316
1540,64,4,1,0.0,7.07,11.14,75.98,0.0,27.82,140.223,3.75,112.403,0.0,9.844
1541,64,5,1,0.0,6.77,11.27,70.73,0.0,21.97,162.638,3.75,140.668,0.0,22.415
1542,64,6,1,0.0,5.84,9.6,68.99,0.0,9.431,148.38,8.2,138.949,0.0,-14.258
1543,64,7,1,140.8,5.67,11.72,68.43,70.399,7.846,163.21,8.2,84.965,70.399,14.83
1544,64,8,1,346.71,6.07,12.79,64.73,173.353,11.866,185.673,8.2,0.454,102.954,22.463
1545,64,9,1,536.82,5.75,16.43,57.54,268.412,8.599,210.319,6.1,-66.692,95.059,24.646
1546,64,10,1,654.06,5.4,17.31,56.94,327.029,5.661,195.391,6.1,-137.299,58.617,-14.928
1547,64,11,1,733.9,6.04,16.88,38.94,366.948,11.538,208.98,6.1,-169.506,39.919,13.589
1548,64,12,1,787.27,6.51,19.57,40.62,393.633,17.733,197.623,6.1,-213.743,26.685,-11.357
1549,64,13,1,765.18,7.42,18.96,39.18,382.588,35.563,196.321,6.1,-221.83,-11.045,-1.302
1550,64,14,1,627.78,6.84,21.28,32.54,313.888,23.331,178.246,6.1,-158.973,-68.7,-18.075
1551,64,15,1,472.5,7.09,19.57,45.46,236.252,28.095,169.602,6.1,-94.745,-77.636,-8.644
1552,64,16,1,297.12,6.6,21.98,35.11,148.559,19.201,182.815,6.1,15.055,-87.693,13.213
1553,64,17,1,125.76,7.27,21.2,36.74,62.878,32.089,187.229,6.1,92.262,-85.681,4.414
1554,64,18,1,0.0,7.96,22.08,34.78,0.0,50.142,189.896,9.5,139.754,-62.878,2.667
1555,64,19,1,0.0,7.96,19.57,40.76,0.0,50.272,188.341,9.5,138.069,0.0,-1.555
1556,64,20,1,0.0,7.03,16.6,37.71,0.0,26.992,187.022,9.5,160.03,0.0,-1.319
1557,64,21,1,0.0,6.98,16.53,48.8,0.0,25.98,177.374,9.5,151.394,0.0,-9.648
1558,64,22,1,0.0,6.3,12.32,49.38,0.0,14.795,162.413,6.1,147.618,0.0,-14.961
1559,64,23,1,0.0,5.66,11.4,58.51,0.0,7.765,129.429,6.1,121.664,0.0,-32.984
1560,65,0,2,0.0,5.31,11.86,49.64,0.0,5.074,125.506,3.75,120.432,0.0,-3.923
1561,65,1,2,0.0,5.93,7.92,62.37,0.0,10.323,128.076,3.75,117.753,0.0,2.57
1562,65,2,2,0.0,5.89,9.86,81.1,0.0,9.947,133.638,3.75,123.691,0.0,5.562
1563,65,3,2,0.0,6.92,8.48,79.3,0.0,24.748,145.274,3.75,120.526,0.0,11.636
1564,65,4,2,0.0,7.05,10.03,82.91,0.0,27.363,139.368,3.75,112.005,0.0,-5.906
1565,65,5,2,0.0,6.61,9.21,82.64,0.0,19.312,139.817,3.75,120.505,0.0,0.449
1566,65,6,2,0.0,7.07,11.97,76.36,0.0,27.757,145.617,8.2,117.86,0.0,5.8
1567,65,7,2,118.68,6.54,12.73,66.42,59.34,18.202,181.446,8.2,103.904,59.34,35.829
1568,65,8,2,292.7,6.02,15.83,58.78,146.35,11.354,184.69,8.2,26.986,87.01,3.244
1569,65,9,2,436.31,5.8,15.71,67.06,218.154,9.04,210.328,6.1,-16.866,71.804,25.638
1570,65,10,2,578.85,6.6,16.33,55.39,289.424,19.247,219.021,6.1,-89.65,71.27,8.693
1571,65,11,2,671.86,8.3,18.41,64.79,335.93,61.411,191.431,6.1,-205.91,46.506,-27.59
1572,65,12,2,723.21,7.21,18.33,42.81,361.606,30.614,197.443,6.1,-194.777,25.676,6.012
1573,65,13,2,699.27,7.2,21.39,52.7,349.635,30.39,190.177,6.1,-189.848,-11.971,-7.266
1574,65,14,2,579.07,6.86,22.21,36.74,289.535,23.733,177.686,6.1,-135.582,-60.1,-12.491
1575,65,15,2,429.23,7.39,24.66,43.7,214.613,34.851,149.576,6.1,-99.888,-74.922,-28.11
1576,65,16,2,279.41,7.62,20.75,45.18,139.705,40.631,164.759,6.1,-15.577,-74.908,15.183
1577,65,17,2,125.84,6.87,20.58,29.54,62.92,23.857,172.301,6.1,85.524,-76.785,7.542
1578,65,18,2,0.0,6.59,19.25,34.77,0.0,19.104,197.367,9.5,178.263,-62.92,25.066
1579,65,19,2,0.0,5.79,18.96,34.66,0.0,8.927,200.399,9.5,191.472,0.0,3.032
1580,65,20,2,0.0,5.39,17.71,37.62,0.0,5.631,169.6,9.5,163.969,0.0,-30.799
1581,65,21,2,0.0,5.68,15.64,53.83,0.0,7.883,174.923,9.5,167.04,0.0,5.323
1582,65,22,2,0.0,5.9,15.45,53.82,0.0,10.011,167.088,6.1,157.077,0.0,-7.835
1583,65,23,2,0.0,6.89,11.96,60.49,0.0,24.143,147.393,6.1,123.25,0.0,-19.695
1584,66,0,3,0.0,6.77,12.79,68.34,0.0,22.046,128.175,3.75,106.129,0.0,-19.218
1585,66,1,3,0.0,6.15,11.3,58.0,0.0,12.88,124.669,3.75,111.789,0.0,-3.506
1586,66,2,3,0.0,6.27,10.04,80.04,0.0,14.45,120.525,3.75,106.075,0.0,-4.144
1587,66,3,3,0.0,6.55,9.47,72.22,0.0,18.463,131.856,3.75,113.393,0.0,11.331
1588,66,4,3,0.0,6.17,12.97,78.19,0.0,13.109,138.021,3.75,124.912,0.0,6.165
1589,66,5,3,0.0,5.8,9.68,78.04,0.0,9.038,151.719,3.75,142.681,0.0,13.698
1590,66,6,3,0.0,6.1,11.97,80.55,0.0,12.264,165.41,8.2,153.146,0.0,13.691
1591,66,7,3,109.19,5.45,11.95,68.51,54.594,6.05,176.281,8.2,115.637,54.594,10.871
1592,66,8,3,262.29,6.46,16.44,52.26,131.144,17.055,200.014,8.2,51.815,76.55,23.733
1593,66,9,3,408.97,6.65,16.92,60.52,204.483,20.029,199.983,6.1,-24.529,73.339,-0.031
1594,66,10,3,555.35,6.38,16.59,56.2,277.675,15.894,195.87,6.1,-97.699,73.192,-4.113
1595,66,11,3,665.98,6.2,19.47,43.62,332.992,13.514,207.189,6.1,-139.317,55.317,11.319
1596,66,12,3,717.37,5.9,20.4,45.88,358.685,10.072,193.633,6.1,-175.124,25.693,-13.556
1597,66,13,3,701.32,5.23,20.43,38.69,350.659,4.56,183.448,6.1,-171.771,-8.026,-10.185
1598,66,14,3,652.26,5.87,22.56,29.62,326.129,9.754,159.075,6.1,-176.808,-24.53,-24.373
1599,66,15,3,483.45,5.54,22.32,39.71,241.726,6.746,180.337,6.1,-68.135,-84.403,21.262
1600,66,16,3,309.64,5.67,21.91,31.62,154.82,7.802,176.925,6.1,14.303,-86.906,-3.412
1601,66,17,3,137.97,5.37,21.0,33.24,68.984,5.47,179.869,6.1,105.415,-85.836,2.944
1602,66,18,3,0.0,5.88,20.61,34.9,0.0,9.793,185.305,9.5,175.512,-68.984,5.436
1603,66,19,3,0.0,5.71,19.13,48.27,0.0,8.226,205.311,9.5,197.085,0.0,20.006
1604,66,20,3,0.0,5.54,17.48,44.75,0.0,6.761,181.983,9.5,175.222,0.0,-23.328
1605,66,21,3,0.0,5.66,15.08,50.3,0.0,7.71,195.062,9.5,187.352,0.0,13.079
1606,66,22,3,0.0,5.76,16.33,52.36,0.0,8.623,155.452,6.1,146.829,0.0,-39.61
1607,66,23,3,0.0,6.84,11.59,62.95,0.0,23.261,159.678,6.1,136.417,0.0,4.226
1608,67,0,4,0.0,6.78,12.27,73.1,0.0,22.159,125.277,3.75,103.118,0.0,-34.401
1609,67,1,4,0.0,6.22,10.42,73.03,0.0,13.786,139.981,3.75,126.195,0.0,14.704
1610,67,2,4,0.0,5.72,12.32,76.44,0.0,8.305,122.861,3.75,114.556,0.0,-17.12
1611,67,3,4,0.0,6.72,8.92,77.96,0.0,21.155,131.881,3.75,110.726,0.0,9.02
1612,67,4,4,0.0,7.57,9.32,66.72,0.0,39.316,143.769,3.75,104.453,0.0,11.888
1613,67,5,4,0.0,7.25,9.64,69.06,0.0,31.676,151.802,3.75,120.126,0.0,8.033
1614,67,6,4,0.0,7.25,12.15,71.09,0.0,31.536,168.327,8.2,136.791,0.0,16.525
1615,67,7,4,141.21,6.7,11.36,64.79,70.604,20.876,171.345,8.2,79.865,70.604,3.018
1616,67,8,4,365.98,5.83,13.88,58.61,182.99,9.35,191.554,8.2,-0.786,112.386,20.209
1617,67,9,4,536.49,5.66,13.42,48.94,268.244,7.732,212.566,6.1,-63.41,85.254,21.012
1618,67,10,4,703.69,6.22,17.84,46.92,351.843,13.773,201.368,6.1,-164.248,83.599,-11.198
1619,67,11,4,787.06,6.23,18.4,48.28,393.53,13.888,207.548,6.1,-199.87,41.687,6.18
1620,67,12,4,838.96,5.94,18.46,44.58,419.479,10.431,190.486,6.1,-239.424,25.949,-17.062
1621,67,13,4,800.95,5.71,22.5,36.1,400.475,8.154,180.763,6.1,-227.866,-19.004,-9.723
1622,67,14,4,711.08,6.48,20.23,38.15,355.541,17.285,169.531,6.1,-203.295,-44.934,-11.232
1623,67,15,4,565.0,6.07,22.96,33.08,282.498,11.868,159.374,6.1,-134.992,-73.043,-10.157
1624,67,16,4,359.38,5.55,20.96,41.54,179.688,6.862,168.816,6.1,-17.734,-102.81,9.442
1625,67,17,4,157.04,5.8,23.12,34.71,78.521,9.041,182.971,6.1,95.409,-101.167,14.155
1626,67,18,4,0.0,5.51,21.14,41.86,0.0,6.493,191.583,9.5,185.09,-78.521,8.612
1627,67,19,4,0.0,6.74,17.79,42.08,0.0,21.605,208.885,9.5,187.28,0.0,17.302
1628,67,20,4,0.0,6.76,16.46,36.59,0.0,21.96,198.498,9.5,176.538,0.0,-10.387
1629,67,21,4,0.0,8.32,16.73,49.28,0.0,61.822,178.939,9.5,117.117,0.0,-19.559
1630,67,22,4,0.0,7.26,14.13,47.59,0.0,31.766,153.933,6.1,122.167,0.0,-25.006
1631,67,23,4,0.0,7.5,12.8,59.53,0.0,37.542,139.032,6.1,101.49,0.0,-14.901
1632,68,0,5,0.0,8.83,13.44,60.53,0.0,81.692,114.464,3.75,32.772,0.0,-24.568
1633,68,1,5,0.0,8.18,10.06,71.43,0.0,57.334,91.048,3.75,33.714,0.0,-23.416
1634,68,2,5,0.0,8.23,10.47,64.27,0.0,59.004,101.132,3.75,42.128,0.0,10.084
1635,68,3,5,0.0,7.83,11.3,74.41,0.0,46.455,105.436,3.75,58.981,0.0,4.304
1636,68,4,5,0.0,6.88,11.33,78.43,0.0,24.129,104.418,3.75,80.289,0.0,-1.018
1637,68,5,5,0.0,6.99,10.77,79.76,0.0,26.131,106.033,3.75,79.902,0.0,1.615
1638,68,6,5,0.0,6.62,11.56,67.74,0.0,19.505,117.904,8.2,98.399,0.0,11.871
1639,68,7,5,143.62,5.91,11.07,69.25,71.812,10.185,132.052,8.2,50.055,71.812,14.148
1640,68,8,5,320.36,5.78,13.33,66.1,160.178,8.83,142.916,8.2,-26.092,88.366,10.864
1641,68,9,5,513.68,5.65,16.54,69.46,256.841,7.696,168.325,6.1,-96.212,96.663,25.409
1642,68,10,5,612.24,5.13,17.54,46.11,306.118,3.967,161.079,6.1,-149.006,49.277,-7.246
1643,68,11,5,730.9,5.03,19.24,44.36,365.45,3.448,153.815,6.1,-215.083,59.332,-7.264
1644,68,12,5,727.18,5.59,21.64,61.83,363.592,7.116,150.509,6.1,-220.199,-1.858,-3.306
1645,68,13,5,705.22,6.25,19.93,39.22,352.609,14.089,144.781,6.1,-221.917,-10.983,-5.728
1646,68,14,5,615.68,6.69,21.67,26.33,307.842,20.652,128.692,6.1,-199.802,-44.767,-16.089
1647,68,15,5,499.15,6.78,22.38,32.19,249.573,22.256,136.194,6.1,-135.635,-58.269,7.502
1648,68,16,5,317.41,7.88,21.1,18.39,158.703,47.856,122.873,6.1,-83.686,-90.87,-13.321
1649,68,17,5,132.04,7.37,23.07,37.13,66.02,34.38,150.906,6.1,50.506,-92.683,28.033
1650,68,18,5,0.0,7.0,21.49,42.54,0.0,26.308,149.711,9.5,123.403,-66.02,-1.195
1651,68,19,5,0.0,7.13,19.5,35.39,0.0,28.929,152.433,9.5,123.504,0.0,2.722
1652,68,20,5,0.0,6.98,19.86,42.18,0.0,25.848,142.692,9.5,116.844,0.0,-9.741
1653,68,21,5,0.0,7.76,14.36,55.37,0.0,44.312,127.671,9.5,83.359,0.0,-15.021
1654,68,22,5,0.0,7.95,14.59,44.5,0.0,50.011,111.253,6.1,61.242,0.0,-16.418
1655,68,23,5,0.0,8.1,13.59,52.25,0.0,54.647,107.263,6.1,52.616,0.0,-3.99
1656,69,0,6,0.0,8.51,10.97,63.63,0.0,68.774,103.186,3.75,34.412,0.0,-4.077
1657,69,1,6,0.0,8.42,11.47,64.63,0.0,65.558,91.247,3.75,25.689,0.0,-11.939
1658,69,2,6,0.0,8.08,9.18,70.56,0.0,54.077,87.641,3.75,33.564,0.0,-3.606
1659,69,3,6,0.0,7.87,11.13,66.74,0.0,47.427,95.08,3.75,47.653,0.0,7.439
1660,69,4,6,0.0,8.46,11.78,76.29,0.0,66.861,103.625,3.75,36.764,0.0,8.545
1661,69,5,6,0.0,7.32,11.44,73.42,0.0,33.287,111.068,3.75,77.781,0.0,7.443
1662,69,6,6,0.0,7.04,9.84,75.62,0.0,27.089,122.914,8.2,95.825,0.0,11.846
1663,69,7,6,148.47,7.32,12.15,70.34,74.235,33.159,144.424,8.2,37.03,74.235,21.51
1664,69,8,6,361.7,7.32,15.43,66.24,180.851,33.232,158.301,8.2,-55.782,106.616,13.877
1665,69,9,6,550.33,6.56,16.33,51.5,275.165,18.491,173.444,6.1,-120.212,94.314,15.143
1666,69,10,6,717.99,7.19,14.63,57.96,358.993,30.366,147.844,6.1,-241.515,83.828,-25.6
1667,69,11,6,823.15,6.97,20.8,47.84,411.577,25.787,150.856,6.1,-286.508,52.584,3.012
1668,69,12,6,865.07,7.09,20.71,44.0,432.534,28.196,154.955,6.1,-305.775,20.957,4.099
1669,69,13,6,803.46,6.21,20.52,47.15,401.73,13.622,135.538,6.1,-279.814,-30.804,-19.417
1670,69,14,6,693.31,6.61,23.3,33.36,346.657,19.431,138.084,6.1,-228.004,-55.073,2.546
1671,69,15,6,502.44,7.05,21.49,43.79,251.221,27.315,130.388,6.1,-148.148,-95.436,-7.696
1672,69,16,6,323.05,6.51,21.28,43.67,161.524,17.798,145.421,6.1,-33.901,-89.697,15.033
1673,69,17,6,139.9,6.22,21.93,40.2,69.948,13.697,149.606,6.1,65.961,-91.576,4.185
1674,69,18,6,0.0,5.98,22.69,31.8,0.0,10.845,157.984,9.5,147.139,-69.948,8.378
1675,69,19,6,0.0,7.78,21.25,27.74,0.0,44.806,149.23,9.5,104.424,0.0,-8.754
1676,69,20,6,0.0,7.23,18.29,51.47,0.0,31.128,147.172,9.5,116.044,0.0,-2.058
1677,69,21,6,0.0,8.38,16.86,50.49,0.0,64.21,134.788,9.5,70.578,0.0,-12.384
1678,69,22,6,0.0,7.8,15.7,50.53,0.0,45.573,112.3,6.1,66.727,0.0,-22.488
1679,69,23,6,0.0,7.46,11.8,67.22,0.0,36.416,124.922,6.1,88.506,0.0,12.622
1680,70,0,0,0.0,7.41,12.99,59.83,0.0,35.293,131.988,3.75,96.695,0.0,7.066
1681,70,1,0,0.0,7.89,10.38,66.6,0.0,48.052,123.844,3.75,75.792,0.0,-8.144
1682,70,2,0,0.0,8.21,11.04,75.47,0.0,58.111,138.438,3.75,80.327,0.0,14.594
1683,70,3,0,0.0,8.01,10.19,67.64,0.0,51.882,125.931,3.75,74.049,0.0,-12.507
1684,70,4,0,0.0,7.82,11.26,74.34,0.0,45.992,121.838,3.75,75.846,0.0,-4.093
1685,70,5,0,0.0,6.91,11.4,80.85,0.0,24.6,153.723,3.75,129.123,0.0,31.885
1686,70,6,0,0.0,6.83,8.53,73.59,0.0,23.199,148.377,8.2,125.178,0.0,-5.346
1687,70,7,0,134.4,6.79,13.67,76.63,67.201,22.317,172.673,8.2,83.155,67.201,24.296
1688,70,8,0,316.46,7.37,15.68,71.8,158.232,34.293,191.429,8.2,-1.096,91.031,18.756
1689,70,9,0,515.35,6.97,16.99,60.22,257.676,25.663,204.5,6.1,-78.839,99.444,13.071
1690,70,10,0,659.12,6.73,17.89,40.98,329.562,21.273,212.609,6.1,-138.226,71.886,8.109
1691,70,11,0,719.02,7.1,21.43,43.19,359.508,28.329,206.45,6.1,-181.387,29.946,-6.159
1692,70,12,0,719.41,6.63,21.07,49.58,359.704,19.634,195.535,6.1,-183.803,0.196,-10.915
1693,70,13,0,682.92,7.0,22.18,31.56,341.458,26.383,171.762,6.1,-196.079,-18.246,-23.773
1694,70,14,0,571.69,6.32,23.51,35.72,285.847,15.116,170.239,6.1,-130.724,-55.611,-1.523
1695,70,15,0,455.25,6.38,22.89,37.71,227.627,15.925,152.685,6.1,-90.867,-58.22,-17.554
1696,70,16,0,289.07,5.68,21.18,43.82,144.533,7.963,182.417,6.1,29.921,-83.094,29.732
1697,70,17,0,136.51,6.83,18.73,32.23,68.256,23.208,169.547,6.1,78.083,-76.277,-12.87
1698,70,18,0,0.0,7.4,20.13,33.82,0.0,35.128,188.53,9.5,153.402,-68.256,18.983
1699,70,19,0,0.0,7.5,20.37,40.54,0.0,37.501,184.626,9.5,147.125,0.0,-3.904
1700,70,20,0,0.0,7.3,17.59,47.11,0.0,32.717,183.484,9.5,150.767,0.0,-1.142
1701,70,21,0,0.0,8.2,17.42,48.9,0.0,58.004,175.713,9.5,117.709,0.0,-7.771
1702,70,22,0,0.0,7.65,15.08,61.3,0.0,41.291,154.89,6.1,113.599,0.0,-20.823
1703,70,23,0,0.0,7.39,15.0,55.38,0.0,34.757,153.942,6.1,119.185,0.0,-0.948
1704,71,0,1,0.0,6.63,12.01,65.72,0.0,19.713,127.608,3.75,107.895,0.0,-26.334
1705,71,1,1,0.0,6.54,11.98,71.81,0.0,18.188,122.668,3.75,104.48,0.0,-4.94
1706,71,2,1,0.0,6.78,11.42,69.92,0.0,22.304,126.696,3.75,104.392,0.0,4.028
1707,71,3,1,0.0,6.92,12.41,79.36,0.0,24.813,140.49,3.75,115.677,0.0,13.794
1708,71,4,1,0.0,7.64,8.77,75.89,0.0,41.207,143.562,3.75,102.355,0.0,3.072
1709,71,5,1,0.0,8.52,10.86,79.05,0.0,69.211,136.285,3.75,67.074,0.0,-7.277
1710,71,6,1,0.0,8.6,13.39,73.49,0.0,72.358,152.868,8.2,80.51,0.0,16.583
1711,71,7,1,126.09,7.85,15.47,71.4,63.045,46.92,177.717,8.2,67.752,63.045,24.849
1712,71,8,1,308.13,7.76,15.35,61.21,154.063,44.263,192.257,8.2,-6.069,91.018,14.54
1713,71,9,1,485.64,8.94,16.26,56.39,242.821,86.056,192.642,6.1,-136.235,88.758,0.385
1714,71,10,1,613.05,9.88,19.07,62.35,306.525,133.843,211.435,6.1,-228.933,63.704,18.793
1715,71,11,1,718.23,9.7,20.65,53.64,359.116,123.678,194.304,6.1,-288.49,52.591,-17.131
1716,71,12,1,741.85,9.05,20.42,38.86,370.925,90.936,201.214,6.1,-260.647,11.809,6.91
1717,71,13,1,702.52,8.41,22.2,41.94,351.258,65.058,181.995,6.1,-234.321,-19.667,-19.219
1718,71,14,1,631.55,7.68,23.82,23.44,315.776,42.116,158.52,6.1,-199.372,-35.482,-23.475
1719,71,15,1,464.65,6.87,24.88,32.24,232.327,23.826,160.193,6.1,-95.96,-83.449,1.673
1720,71,16,1,312.29,7.07,23.3,40.77,156.144,27.648,165.235,6.1,-18.557,-76.183,5.042
1721,71,17,1,126.68,7.33,21.86,34.93,63.339,33.344,181.713,6.1,85.03,-92.805,16.478
1722,71,18,1,0.0,7.26,20.79,38.39,0.0,31.876,189.317,9.5,157.441,-63.339,7.604
1723,71,19,1,0.0,8.21,20.28,22.76,0.0,58.159,185.653,9.5,127.494,0.0,-3.664
1724,71,20,1,0.0,8.73,18.03,42.65,0.0,77.371,177.822,9.5,100.451,0.0,-7.831
1725,71,21,1,0.0,9.03,16.84,51.85,0.0,90.379,179.674,9.5,89.295,0.0,1.852
1726,71,22,1,0.0,9.14,13.79,57.79,0.0,95.102,161.117,6.1,66.015,0.0,-18.557
1727,71,23,1,0.0,9.04,15.17,65.95,0.0,90.546,145.365,6.1,54.819,0.0,-15.752
1728,72,0,2,0.0,8.2,11.15,63.74,0.0,57.854,127.731,3.75,69.877,0.0,-17.634
1729,72,1,2,0.0,7.72,11.05,68.15,0.0,43.379,121.192,3.75,77.813,0.0,-6.539
1730,72,2,2,0.0,7.89,11.09,64.33,0.0,48.179,129.006,3.75,80.827,0.0,7.814
1731,72,3,2,0.0,7.9,13.15,73.09,0.0,48.436,150.805,3.75,102.369,0.0,21.799
1732,72,4,2,0.0,7.57,10.46,67.43,0.0,39.27,145.441,3.75,106.171,0.0,-5.364
1733,72,5,2,0.0,6.67,10.77,63.23,0.0,20.34,142.826,3.75,122.486,0.0,-2.615
1734,72,6,2,0.0,6.43,11.86,65.81,0.0,16.605,153.84,8.2,137.235,0.0,11.014
1735,72,7,2,135.57,7.08,15.76,78.19,67.785,27.921,150.721,8.2,55.015,67.785,-3.119
1736,72,8,2,304.7,6.96,11.84,63.38,152.352,25.564,197.637,8.2,19.721,84.567,46.916
1737,72,9,2,479.55,6.67,15.56,61.5,239.777,20.37,206.975,6.1,-53.172,87.425,9.338
1738,72,10,2,610.69,7.42,21.59,51.92,305.344,35.6,200.721,6.1,-140.223,65.567,-6.254
1739,72,11,2,715.62,7.82,20.47,39.08,357.808,46.12,189.614,6.1,-214.314,52.464,-11.107
1740,72,12,2,745.24,7.62,19.68,50.62,372.619,40.601,181.197,6.1,-232.023,14.811,-8.417
1741,72,13,2,761.16,6.89,21.91,27.82,380.582,24.149,180.994,6.1,-223.737,7.963,-0.203
1742,72,14,2,675.21,6.99,22.64,34.35,337.606,26.17,166.559,6.1,-197.217,-42.976,-14.435
1743,72,15,2,495.42,7.56,23.78,35.35,247.711,39.101,169.662,6.1,-117.15,-89.895,3.103
1744,72,16,2,325.65,7.3,24.77,36.38,162.826,32.76,169.992,6.1,-25.594,-84.885,0.33
1745,72,17,2,134.92,6.75,22.43,31.32,67.462,21.707,187.843,6.1,98.674,-95.364,17.851
1746,72,18,2,0.0,7.31,20.36,26.65,0.0,32.964,193.56,9.5,160.596,-67.462,5.717
1747,72,19,2,0.0,7.4,20.71,36.05,0.0,35.008,201.096,9.5,166.088,0.0,7.536
1748,72,20,2,0.0,7.66,17.48,40.51,0.0,41.667,171.918,9.5,130.251,0.0,-29.178
1749,72,21,2,0.0,7.6,15.52,45.19,0.0,39.94,165.091,9.5,125.151,0.0,-6.827
1750,72,22,2,0.0,7.63,13.1,60.82,0.0,40.719,155.625,6.1,114.906,0.0,-9.466
1751,72,23,2,0.0,6.85,11.89,52.89,0.0,23.55,152.897,6.1,129.347,0.0,-2.728
1752,73,0,3,0.0,7.52,11.6,66.81,0.0,38.02,140.388,3.75,102.368,0.0,-12.509
1753,73,1,3,0.0,7.33,10.31,70.09,0.0,33.444,124.606,3.75,91.162,0.0,-15.782
1754,73,2,3,0.0,6.96,11.5,78.08,0.0,25.633,122.416,3.75,96.783,0.0,-2.19
1755,73,3,3,0.0,6.58,9.48,73.52,0.0,18.919,114.626,3.75,95.707,0.0,-7.79
1756,73,4,3,0.0,6.99,7.35,79.75,0.0,26.179,142.713,3.75,116.534,0.0,28.087
1757,73,5,3,0.0,6.8,10.47,73.29,0.0,22.655,140.475,3.75,117.82,0.0,-2.238
1758,73,6,3,0.0,6.92,12.11,74.93,0.0,24.803,181.415,8.2,156.612,0.0,40.94
1759,73,7,3,152.47,6.6,13.19,60.12,76.236,19.14,167.382,8.2,72.006,76.236,-14.033
1760,73,8,3,342.83,6.5,17.19,49.17,171.415,17.602,205.596,8.2,16.579,95.179,38.214
1761,73,9,3,522.66,6.16,16.18,62.44,261.332,13.02,206.315,6.1,-68.037,89.917,0.719
1762,73,10,3,665.91,6.63,19.53,57.59,332.954,19.672,196.483,6.1,-156.143,71.622,-9.832
1763,73,11,3,740.7,7.39,19.9,52.68,370.348,34.741,202.569,6.1,-202.52,37.394,6.086
1764,73,12,3,749.8,6.66,21.11,41.85,374.902,20.2,196.274,6.1,-198.828,4.554,-6.295
1765,73,13,3,720.42,6.72,21.11,49.8,360.212,21.199,175.323,6.1,-206.088,-14.69,-20.951
1766,73,14,3,602.12,6.7,22.64,34.92,301.061,20.915,173.682,6.1,-148.294,-59.151,-1.641
1767,73,15,3,484.85,6.6,22.0,38.21,242.423,19.223,170.367,6.1,-91.279,-58.638,-3.315
1768,73,16,3,300.97,7.37,22.92,38.57,150.484,34.384,173.773,6.1,-11.095,-91.939,3.406
1769,73,17,3,143.48,7.78,21.83,45.99,71.742,45.063,179.659,6.1,62.854,-78.742,5.886
1770,73,18,3,0.0,7.48,20.03,35.78,0.0,37.113,180.868,9.5,143.755,-71.742,1.209
1771,73,19,3,0.0,7.32,21.11,36.94,0.0,33.28,193.507,9.5,160.227,0.0,12.639
1772,73,20,3,0.0,6.62,18.98,36.01,0.0,19.516,189.71,9.5,170.194,0.0,-3.797
1773,73,21,3,0.0,5.81,16.38,59.14,0.0,9.169,159.648,9.5,150.479,0.0,-30.062
1774,73,22,3,0.0,6.16,15.54,57.53,0.0,12.937,159.614,6.1,146.677,0.0,-0.034
1775,73,23,3,0.0,5.85,13.82,62.89,0.0,9.511,143.231,6.1,133.72,0.0,-16.383
1776,74,0,4,0.0,5.76,11.79,83.7,0.0,8.647,114.754,3.75,106.107,0.0,-28.477
1777,74,1,4,0.0,6.53,11.96,71.09,0.0,18.071,123.039,3.75,104.968,0.0,8.285
1778,74,2,4,0.0,6.32,10.53,64.51,0.0,15.032,124.594,3.75,109.562,0.0,1.555
1779,74,3,4,0.0,7.15,9.94,73.14,0.0,29.489,145.482,3.75,115.993,0.0,20.888
1780,74,4,4,0.0,7.19,9.33,69.15,0.0,30.268,137.331,3.75,107.063,0.0,-8.151
1781,74,5,4,0.0,7.31,11.45,71.94,0.0,32.956,152.915,3.75,119.959,0.0,15.584
1782,74,6,4,0.0,7.02,13.51,69.9,0.0,26.644,156.533,8.2,129.889,0.0,3.618
1783,74,7,4,133.22,7.58,13.24,65.62,66.61,39.545,158.007,8.2,51.852,66.61,1.474
1784,74,8,4,324.17,6.64,18.54,56.64,162.085,19.811,193.807,8.2,11.911,95.475,35.8
1785,74,9,4,533.39,7.2,18.13,69.73,266.697,30.497,194.716,6.1,-102.478,104.612,0.909
1786,74,10,4,720.68,7.11,20.19,56.79,360.342,28.469,201.671,6.1,-187.14,93.645,6.955
1787,74,11,4,782.76,7.24,21.03,48.47,391.382,31.401,191.942,6.1,-230.841,31.04,-9.729
1788,74,12,4,829.01,8.3,23.54,49.55,414.507,61.402,190.357,6.1,-285.552,23.125,-1.585
1789,74,13,4,821.11,8.25,21.32,43.68,410.557,59.644,185.341,6.1,-284.86,-3.95,-5.016
1790,74,14,4,670.2,8.17,19.79,39.33,335.1,56.742,174.151,6.1,-217.691,-75.457,-11.19
1791,74,15,4,516.35,7.69,22.54,39.79,258.173,42.546,176.246,6.1,-124.473,-76.927,2.095
1792,74,16,4,333.21,7.01,23.54,35.8,166.604,26.564,182.534,6.1,-10.634,-91.569,6.288
1793,74,17,4,140.26,6.65,22.45,39.7,70.13,19.991,163.113,6.1,72.992,-96.474,-19.421
1794,74,18,4,0.0,7.45,21.65,42.2,0.0,36.279,180.389,9.5,144.11,-70.13,17.276
1795,74,19,4,0.0,8.66,21.66,41.83,0.0,74.553,179.321,9.5,104.768,0.0,-1.068
1796,74,20,4,0.0,8.26,19.08,43.68,0.0,59.847,193.032,9.5,133.185,0.0,13.711
1797,74,21,4,0.0,7.64,18.03,59.01,0.0,41.016,168.81,9.5,127.794,0.0,-24.222
1798,74,22,4,0.0,7.38,14.39,52.13,0.0,34.65,154.073,6.1,119.423,0.0,-14.737
1799,74,23,4,0.0,8.23,12.76,62.52,0.0,58.752,142.024,6.1,83.272,0.0,-12.049
1800,75,0,5,0.0,7.29,14.92,67.48,0.0,32.499,100.495,3.75,67.996,0.0,-41.529
1801,75,1,5,0.0,6.53,12.15,65.48,0.0,18.146,86.0,3.75,67.854,0.0,-14.495
1802,75,2,5,0.0,6.44,10.68,67.47,0.0,16.799,88.891,3.75,72.092,0.0,2.891
1803,75,3,5,0.0,7.02,10.48,72.2,0.0,26.738,101.271,3.75,74.533,0.0,12.38
1804,75,4,5,0.0,8.02,10.65,72.05,0.0,51.998,115.156,3.75,63.158,0.0,13.885
1805,75,5,5,0.0,8.22,11.18,65.57,0.0,58.492,112.415,3.75,53.923,0.0,-2.741
1806,75,6,5,0.0,7.82,11.44,68.41,0.0,46.011,116.29,8.2,70.279,0.0,3.875
1807,75,7,5,131.13,7.31,12.43,70.74,65.563,32.866,117.525,8.2,19.096,65.563,1.235
1808,75,8,5,312.17,7.32,15.44,72.6,156.083,33.19,154.347,8.2,-34.926,90.52,36.822
1809,75,9,5,511.98,7.1,16.51,63.5,255.99,28.262,149.835,6.1,-134.417,99.907,-4.512
1810,75,10,5,621.65,6.86,20.11,39.4,310.827,23.612,149.949,6.1,-184.49,54.837,0.114
1811,75,11,5,669.49,7.73,20.58,53.67,334.744,43.613,142.299,6.1,-236.058,23.917,-7.65
1812,75,12,5,721.84,7.21,21.79,41.65,360.918,30.704,136.262,6.1,-255.36,26.174,-6.037
1813,75,13,5,700.66,7.83,21.53,43.58,350.331,46.276,129.997,6.1,-266.61,-10.587,-6.265
1814,75,14,5,620.56,7.75,22.88,37.59,310.28,44.023,127.888,6.1,-226.415,-40.051,-2.109
1815,75,15,5,473.72,7.23,23.66,34.53,236.862,31.244,117.689,6.1,-150.417,-73.418,-10.199
1816,75,16,5,313.51,7.13,23.88,34.39,156.755,28.986,132.857,6.1,-52.884,-80.107,15.168
1817,75,17,5,138.99,6.95,22.31,35.55,69.495,25.399,137.787,6.1,42.893,-87.26,4.93
1818,75,18,5,0.0,6.38,22.76,45.75,0.0,15.845,165.678,9.5,149.833,-69.495,27.891
1819,75,19,5,0.0,5.75,20.24,40.74,0.0,8.531,137.263,9.5,128.732,0.0,-28.415
1820,75,20,5,0.0,5.68,19.73,51.51,0.0,7.963,147.666,9.5,139.703,0.0,10.403
1821,75,21,5,0.0,6.54,16.64,55.46,0.0,18.311,137.159,9.5,118.848,0.0,-10.507
1822,75,22,5,0.0,6.47,13.5,59.0,0.0,17.222,114.777,6.1,97.555,0.0,-22.382
1823,75,23,5,0.0,5.61,14.55,49.46,0.0,7.284,112.703,6.1,105.419,0.0,-2.074
1824,76,0,6,0.0,5.62,14.01,71.7,0.0,7.367,103.431,3.75,96.064,0.0,-9.272
1825,76,1,6,0.0,5.13,12.88,66.39,0.0,3.985,98.493,3.75,94.508,0.0,-4.938
1826,76,2,6,0.0,5.38,12.09,76.61,0.0,5.564,109.875,3.75,104.311,0.0,11.382
1827,76,3,6,0.0,4.83,10.96,68.48,0.0,2.529,83.673,3.75,81.144,0.0,-26.202
1828,76,4,6,0.0,4.79,10.62,67.89,0.0,2.37,98.655,3.75,96.285,0.0,14.982
1829,76,5,6,0.0,5.91,12.85,86.18,0.0,10.113,124.233,3.75,114.12,0.0,25.578
1830,76,6,6,0.0,6.51,13.65,66.58,0.0,17.737,129.718,8.2,111.981,0.0,5.485
1831,76,7,6,152.39,6.87,13.71,76.02,76.197,23.763,138.813,8.2,38.853,76.197,9.095
1832,76,8,6,343.55,7.74,17.16,65.71,171.775,43.8,156.35,8.2,-59.225,95.578,17.537
1833,76,9,6,546.31,7.51,16.32,57.66,273.157,37.821,140.134,6.1,-170.844,101.382,-16.216
1834,76,10,6,723.51,6.73,18.23,54.73,361.754,21.35,165.231,6.1,-217.873,88.597,25.097
1835,76,11,6,833.0,6.86,22.34,42.02,416.5,23.719,164.28,6.1,-275.939,54.746,-0.951
1836,76,12,6,874.47,7.86,22.67,44.92,437.237,47.155,142.262,6.1,-342.13,20.737,-22.018
1837,76,13,6,825.18,7.47,22.15,34.36,412.588,36.843,158.494,6.1,-290.937,-24.649,16.232
1838,76,14,6,749.83,7.7,23.52,35.31,374.917,42.791,131.156,6.1,-286.552,-37.671,-27.338
1839,76,15,6,555.06,7.26,23.57,41.23,277.529,31.882,109.607,6.1,-199.804,-97.388,-21.549
1840,76,16,6,345.38,6.85,19.88,36.53,172.692,23.573,134.206,6.1,-62.059,-104.837,24.599
1841,76,17,6,146.57,7.4,21.49,26.79,73.286,35.05,133.769,6.1,25.433,-99.406,-0.437
1842,76,18,6,0.0,7.52,21.56,42.79,0.0,37.88,156.979,9.5,119.099,-73.286,23.21
1843,76,19,6,0.0,8.99,19.95,40.82,0.0,88.257,155.034,9.5,66.777,0.0,-1.945
1844,76,20,6,0.0,8.42,19.23,41.75,0.0,65.409,141.35,9.5,75.941,0.0,-13.684
1845,76,21,6,0.0,7.5,18.74,54.3,0.0,37.598,147.563,9.5,109.965,0.0,6.213
1846,76,22,6,0.0,8.37,15.44,54.0,0.0,63.694,130.335,6.1,66.641,0.0,-17.228
1847,76,23,6,0.0,8.33,13.11,53.18,0.0,62.481,105.133,6.1,42.652,0.0,-25.202
1848,77,0,0,0.0,8.73,13.68,76.09,0.0,77.426,123.294,3.75,45.868,0.0,18.161
1849,77,1,0,0.0,8.54,11.95,69.04,0.0,70.122,129.218,3.75,59.096,0.0,5.924
1850,77,2,0,0.0,8.93,11.55,71.83,0.0,85.756,123.549,3.75,37.793,0.0,-5.669
1851,77,3,0,0.0,8.57,11.19,71.89,0.0,71.221,126.725,3.75,55.504,0.0,3.176
1852,77,4,0,0.0,7.81,14.43,82.08,0.0,45.771,135.196,3.75,89.425,0.0,8.471
1853,77,5,0,0.0,7.59,9.65,71.17,0.0,39.793,135.387,3.75,95.594,0.0,0.191
1854,77,6,0,0.0,7.0,12.83,63.05,0.0,26.336,138.837,8.2,112.501,0.0,3.45
1855,77,7,0,136.38,6.93,14.53,65.07,68.192,24.946,174.059,8.2,80.921,68.192,35.222
1856,77,8,0,321.03,6.2,15.05,72.96,160.515,13.431,171.588,8.2,-2.358,92.323,-2.471
1857,77,9,0,526.49,6.8,18.62,65.17,263.246,22.645,191.051,6.1,-94.84,102.731,19.463
1858,77,10,0,696.02,6.83,20.06,53.47,348.012,23.158,189.176,6.1,-181.994,84.766,-1.875
1859,77,11,0,763.0,6.92,20.48,58.06,381.499,24.781,186.19,6.1,-220.09,33.487,-2.986
1860,77,12,0,821.67,6.67,21.45,49.49,410.835,20.282,192.25,6.1,-238.867,29.336,6.06
1861,77,13,0,756.75,6.58,22.6,39.26,378.375,18.896,174.169,6.1,-223.102,-32.46,-18.081
1862,77,14,0,695.12,7.58,23.21,36.68,347.559,39.496,163.801,6.1,-223.254,-30.816,-10.368
1863,77,15,0,553.41,7.26,23.44,37.66,276.706,31.788,152.223,6.1,-156.271,-70.853,-11.578
1864,77,16,0,355.0,7.31,23.11,30.01,177.5,32.985,162.632,6.1,-47.853,-99.206,10.409
1865,77,17,0,151.04,7.46,23.03,35.71,75.518,36.399,181.607,6.1,69.69,-101.982,18.975
1866,77,18,0,0.0,8.0,22.68,39.53,0.0,51.576,188.585,9.5,137.009,-75.518,6.978
1867,77,19,0,0.0,7.69,19.06,30.74,0.0,42.524,199.412,9.5,156.888,0.0,10.827
1868,77,20,0,0.0,7.56,17.83,43.86,0.0,38.905,194.771,9.5,155.866,0.0,-4.641
1869,77,21,0,0.0,7.55,15.44,48.01,0.0,38.743,171.478,9.5,132.735,0.0,-23.293
1870,77,22,0,0.0,6.96,17.02,61.17,0.0,25.595,142.39,6.1,116.795,0.0,-29.088
1871,77,23,0,0.0,7.57,14.84,49.11,0.0,39.239,136.995,6.1,97.756,0.0,-5.395
1872,78,0,1,0.0,7.2,14.05,62.71,0.0,30.487,123.534,3.75,93.047,0.0,-13.461
1873,78,1,1,0.0,6.33,10.78,66.25,0.0,15.256,118.676,3.75,103.42,0.0,-4.858
1874,78,2,1,0.0,5.98,14.04,78.08,0.0,10.855,117.828,3.75,106.973,0.0,-0.848
1875,78,3,1,0.0,6.06,10.96,74.06,0.0,11.767,129.756,3.75,117.989,0.0,11.928
1876,78,4,1,0.0,6.02,12.1,85.78,0.0,11.291,154.133,3.75,142.842,0.0,24.377
1877,78,5,1,0.0,6.26,13.52,78.29,0.0,14.255,139.783,3.75,125.528,0.0,-14.35
1878,78,6,1,0.0,6.14,12.26,69.86,0.0,12.749,156.432,8.2,143.683,0.0,16.649
1879,78,7,1,142.22,6.3,14.03,70.58,71.112,14.821,161.38,8.2,75.447,71.112,4.948
1880,78,8,1,344.21,6.93,16.35,62.88,172.103,24.912,197.153,8.2,0.138,100.991,35.773
1881,78,9,1,566.56,6.39,21.12,65.33,283.28,16.091,205.683,6.1,-93.688,111.177,8.53
1882,78,10,1,722.4,6.92,19.6,47.01,361.199,24.845,209.477,6.1,-176.567,77.919,3.794
1883,78,11,1,832.74,6.74,22.62,44.88,416.369,21.575,209.945,6.1,-227.999,55.17,0.468
1884,78,12,1,809.07,7.81,23.38,47.73,404.534,45.759,185.125,6.1,-265.168,-11.835,-24.82
1885,78,13,1,784.17,7.66,23.33,48.21,392.085,41.679,173.254,6.1,-260.51,-12.449,-11.871
1886,78,14,1,656.26,6.95,22.3,24.47,328.131,25.284,179.288,6.1,-174.127,-63.954,6.034
1887,78,15,1,511.27,7.4,24.96,43.93,255.633,35.172,167.558,6.1,-123.247,-72.498,-11.73
1888,78,16,1,308.76,7.4,21.69,34.16,154.382,35.037,149.862,6.1,-39.557,-101.251,-17.696
1889,78,17,1,135.37,7.72,24.81,24.38,67.684,43.403,181.955,6.1,70.868,-86.698,32.093
1890,78,18,1,0.0,6.94,22.17,19.67,0.0,25.091,184.053,9.5,158.962,-67.684,2.098
1891,78,19,1,0.0,6.2,17.51,31.68,0.0,13.476,199.715,9.5,186.239,0.0,15.662
1892,78,20,1,0.0,5.69,18.83,44.88,0.0,8.015,190.023,9.5,182.008,0.0,-9.692
1893,78,21,1,0.0,5.47,18.47,49.43,0.0,6.209,159.3,9.5,153.091,0.0,-30.723
1894,78,22,1,0.0,5.74,15.85,58.8,0.0,8.48,159.113,6.1,150.633,0.0,-0.187
1895,78,23,1,0.0,5.53,15.55,56.88,0.0,6.662,144.51,6.1,137.848,0.0,-14.603
1896,79,0,2,0.0,6.04,12.58,58.35,0.0,11.587,127.035,3.75,115.448,0.0,-17.475
1897,79,1,2,0.0,5.48,11.08,66.66,0.0,6.306,129.302,3.75,122.996,0.0,2.267
1898,79,2,2,0.0,5.06,11.96,72.52,0.0,3.575,138.041,3.75,134.466,0.0,8.739
1899,79,3,2,0.0,6.78,11.88,75.7,0.0,22.232,132.313,3.75,110.081,0.0,-5.728
1900,79,4,2,0.0,7.36,11.63,70.27,0.0,33.998,134.67,3.75,100.672,0.0,2.357
1901,79,5,2,0.0,6.97,14.12,79.73,0.0,25.797,152.654,3.75,126.857,0.0,17.984
1902,79,6,2,0.0,6.36,12.58,68.59,0.0,15.673,174.159,8.2,158.486,0.0,21.505
1903,79,7,2,133.26,6.48,15.22,63.92,66.63,17.292,178.936,8.2,95.014,66.63,4.777
1904,79,8,2,324.08,5.88,16.37,61.75,162.038,9.79,188.571,8.2,16.743,95.408,9.635
1905,79,9,2,489.67,5.26,15.98,66.63,244.833,4.781,201.843,6.1,-47.771,82.795,13.272
1906,79,10,2,644.51,5.35,17.82,54.2,322.256,5.373,204.771,6.1,-122.858,77.423,2.928
1907,79,11,2,753.5,5.75,20.86,45.66,376.752,8.52,198.912,6.1,-186.36,54.496,-5.859
1908,79,12,2,780.06,5.47,24.47,50.56,390.031,6.183,205.579,6.1,-190.635,13.279,6.667
1909,79,13,2,764.26,5.36,23.74,53.71,382.129,5.439,169.414,6.1,-218.154,-7.902,-36.165
1910,79,14,2,647.79,6.73,21.57,38.94,323.897,21.342,174.596,6.1,-170.643,-58.232,5.182
1911,79,15,2,511.44,6.96,20.11,43.08,255.718,25.593,161.242,6.1,-120.069,-68.179,-13.354
1912,79,16,2,334.3,7.97,24.52,41.22,167.152,50.409,155.518,6.1,-62.043,-88.566,-5.724
1913,79,17,2,127.52,8.05,22.93,32.05,63.76,52.924,176.539,6.1,59.855,-103.392,21.021
1914,79,18,2,0.0,7.84,23.46,37.84,0.0,46.767,184.046,9.5,137.279,-63.76,7.507
1915,79,19,2,0.0,7.2,19.79,33.16,0.0,30.392,196.858,9.5,166.466,0.0,12.812
1916,79,20,2,0.0,6.29,19.82,43.77,0.0,14.681,187.204,9.5,172.523,0.0,-9.654
1917,79,21,2,0.0,6.27,18.86,46.07,0.0,14.423,164.785,9.5,150.362,0.0,-22.419
1918,79,22,2,0.0,7.17,15.76,52.58,0.0,29.93,168.492,6.1,138.562,0.0,3.707
1919,79,23,2,0.0,6.6,14.33,55.68,0.0,19.221,151.329,6.1,132.108,0.0,-17.163
1920,80,0,3,0.0,6.08,13.79,63.28,0.0,12.064,136.632,3.75,124.568,0.0,-14.697
1921,80,1,3,0.0,6.53,13.46,72.34,0.0,18.099,126.41,3.75,108.311,0.0,-10.222
1922,80,2,3,0.0,5.91,12.19,71.6,0.0,10.145,125.601,3.75,115.456,0.0,-0.809
1923,80,3,3,0.0,5.56,13.17,63.13,0.0,6.886,134.44,3.75,127.554,0.0,8.839
1924,80,4,3,0.0,6.3,11.65,70.52,0.0,14.781,129.668,3.75,114.887,0.0,-4.772
1925,80,5,3,0.0,5.87,11.21,65.2,0.0,9.766,144.299,3.75,134.533,0.0,14.631
1926,80,6,3,0.0,6.5,16.13,73.78,0.0,17.598,154.581,8.2,136.983,0.0,10.282
1927,80,7,3,121.28,6.72,14.27,72.16,60.641,21.213,159.674,8.2,77.82,60.641,5.093
1928,80,8,3,301.81,7.62,15.76,66.54,150.905,40.703,187.665,8.2,-3.943,90.264,27.991
1929,80,9,3,494.13,7.68,17.92,55.45,247.065,42.128,194.563,6.1,-94.63,96.16,6.898
1930,80,10,3,606.84,6.9,19.63,56.48,303.418,24.398,200.483,6.1,-127.333,56.353,5.92
1931,80,11,3,699.05,8.07,20.54,47.0,349.527,53.627,201.381,6.1,-201.773,46.109,0.898
1932,80,12,3,717.34,7.24,22.22,38.17,358.668,31.322,198.16,6.1,-191.83,9.141,-3.221
1933,80,13,3,734.92,6.99,23.15,45.31,367.462,26.202,168.357,6.1,-225.307,8.794,-29.803
1934,80,14,3,611.02,7.22,24.01,42.59,305.509,31.034,162.421,6.1,-174.122,-61.953,-5.936
1935,80,15,3,506.9,6.89,21.17,41.37,253.451,24.203,155.889,6.1,-121.765,-52.058,-6.532
1936,80,16,3,324.78,6.44,26.05,31.35,161.704,16.777,160.473,6.1,-18.008,-91.747,4.584
1937,80,17,3,132.86,6.65,23.02,42.76,66.432,20.025,173.026,6.1,86.569,-95.272,12.553
1938,80,18,3,0.0,6.09,22.94,34.72,0.0,12.151,186.57,9.5,174.419,-66.432,13.544
1939,80,19,3,0.0,5.49,19.35,44.78,0.0,6.369,196.641,9.5,190.272,0.0,10.071
1940,80,20,3,0.0,5.48,18.99,41.93,0.0,6.291,188.762,9.5,182.471,0.0,-7.879
1941,80,21,3,0.0,6.78,17.19,48.48,0.0,22.139,164.251,9.5,142.112,0.0,-24.511
1942,80,22,3,0.0,6.93,18.21,40.47,0.0,24.993,166.846,6.1,141.853,0.0,2.595
1943,80,23,3,0.0,6.4,14.3,58.36,0.0,16.148,149.952,6.1,133.804,0.0,-16.894
1944,81,0,4,0.0,7.15,14.82,65.55,0.0,29.395,116.557,3.75,87.162,0.0,-33.395
1945,81,1,4,0.0,6.42,12.18,66.68,0.0,16.514,134.128,3.75,117.614,0.0,17.571
1946,81,2,4,0.0,7.44,11.82,82.86,0.0,36.03,128.323,3.75,92.293,0.0,-5.805
1947,81,3,4,0.0,7.43,11.86,67.34,0.0,35.846,127.375,3.75,91.529,0.0,-0.948
1948,81,4,4,0.0,6.64,13.9,71.62,0.0,19.894,136.96,3.75,117.066,0.0,9.585
1949,81,5,4,0.0,6.96,10.69,68.89,0.0,25.574,142.847,3.75,117.273,0.0,5.887
1950,81,6,4,0.0,6.95,12.33,68.94,0.0,25.317,160.123,8.2,134.806,0.0,17.276
1951,81,7,4,127.87,6.89,12.82,75.33,63.935,24.243,172.615,8.2,84.437,63.935,12.492
1952,81,8,4,283.95,6.86,15.3,73.87,141.974,23.758,183.679,8.2,17.947,78.039,11.064
1953,81,9,4,442.81,6.74,17.18,55.97,221.404,21.536,181.6,6.1,-61.34,79.43,-2.079
1954,81,10,4,594.57,6.56,17.77,50.66,297.287,18.496,206.351,6.1,-109.432,75.883,24.751
1955,81,11,4,668.87,7.41,20.27,42.88,334.437,35.24,195.197,6.1,-174.48,37.15,-11.154
1956,81,12,4,741.84,7.03,19.98,52.84,370.919,26.948,193.934,6.1,-203.933,36.482,-1.263
1957,81,13,4,685.32,7.4,22.13,47.58,342.659,35.089,178.75,6.1,-198.998,-28.26,-15.184
1958,81,14,4,598.66,7.96,25.39,37.04,298.863,50.119,162.095,6.1,-186.887,-43.796,-16.655
1959,81,15,4,457.06,8.48,24.64,27.3,228.528,67.775,169.962,6.1,-126.341,-70.335,7.867
1960,81,16,4,298.68,8.29,24.18,27.16,149.34,60.859,168.514,6.1,-41.685,-79.188,-1.448
1961,81,17,4,125.59,8.06,22.15,36.71,62.796,53.428,178.837,6.1,62.613,-86.544,10.323
1962,81,18,4,0.0,7.67,20.55,40.98,0.0,41.881,186.768,9.5,144.887,-62.796,7.931
1963,81,19,4,0.0,7.0,19.79,28.46,0.0,26.403,205.147,9.5,178.744,0.0,18.379
1964,81,20,4,0.0,7.26,19.66,43.07,0.0,31.789,180.226,9.5,148.437,0.0,-24.921
1965,81,21,4,0.0,7.37,19.2,59.53,0.0,34.426,169.877,9.5,135.451,0.0,-10.349
1966,81,22,4,0.0,7.01,17.68,53.69,0.0,26.448,146.37,6.1,119.922,0.0,-23.507
1967,81,23,4,0.0,6.24,15.91,69.11,0.0,14.024,148.007,6.1,133.983,0.0,1.637
1968,82,0,5,0.0,5.66,13.18,68.89,0.0,7.734,91.747,3.75,84.013,0.0,-56.26
1969,82,1,5,0.0,5.69,13.14,62.64,0.0,8.033,93.087,3.75,85.054,0.0,1.34
1970,82,2,5,0.0,5.77,12.13,70.56,0.0,8.715,93.78,3.75,85.065,0.0,0.693
1971,82,3,5,0.0,5.99,12.07,73.55,0.0,10.98,100.692,3.75,89.712,0.0,6.912
1972,82,4,5,0.0,5.69,14.96,69.28,0.0,7.972,94.443,3.75,86.471,0.0,-6.249
1973,82,5,5,0.0,6.35,11.0,68.5,0.0,15.471,93.481,3.75,78.01,0.0,-0.962
1974,82,6,5,0.0,6.27,13.79,81.36,0.0,14.446,124.988,8.2,110.542,0.0,31.507
1975,82,7,5,146.21,6.18,16.76,63.28,73.107,13.223,116.378,8.2,30.048,73.107,-8.61
1976,82,8,5,321.43,6.35,15.0,71.47,160.715,15.423,152.007,8.2,-24.131,87.608,35.629
1977,82,9,5,512.45,6.52,17.54,57.56,256.225,17.986,166.544,6.1,-107.667,95.51,14.537
1978,82,10,5,710.06,7.0,19.23,54.85,355.032,26.299,156.131,6.1,-225.2,98.807,-10.413
1979,82,11,5,832.02,6.26,21.04,53.19,416.01,14.31,164.767,6.1,-265.553,60.978,8.636
1980,82,12,5,873.76,6.51,20.64,41.41,436.878,17.793,146.017,6.1,-308.654,20.868,-18.75
1981,82,13,5,817.29,6.56,24.22,44.27,408.645,18.594,149.024,6.1,-278.215,-28.233,3.007
1982,82,14,5,709.78,7.35,24.9,25.4,354.888,33.972,124.776,6.1,-264.084,-53.757,-24.248
1983,82,15,5,540.38,7.06,24.92,38.32,270.189,27.621,107.092,6.1,-190.718,-84.699,-17.684
1984,82,16,5,335.05,7.18,23.06,20.19,167.527,30.009,129.343,6.1,-68.193,-102.662,22.251
1985,82,17,5,141.34,7.78,23.61,34.32,70.67,44.905,151.944,6.1,36.369,-96.857,22.601
1986,82,18,5,0.0,8.31,21.47,42.8,0.0,61.702,150.617,9.5,88.915,-70.67,-1.327
1987,82,19,5,0.0,7.97,20.91,44.59,0.0,50.59,145.18,9.5,94.59,0.0,-5.437
1988,82,20,5,0.0,7.11,22.45,37.21,0.0,28.623,147.457,9.5,118.834,0.0,2.277
1989,82,21,5,0.0,7.04,18.42,42.81,0.0,27.093,142.1,9.5,115.007,0.0,-5.357
1990,82,22,5,0.0,6.98,15.33,50.87,0.0,25.955,121.036,6.1,95.081,0.0,-21.064
1991,82,23,5,0.0,7.68,15.53,61.29,0.0,42.245,131.768,6.1,89.523,0.0,10.732
1992,83,0,6,0.0,7.61,12.6,52.81,0.0,40.253,92.135,3.75,51.882,0.0,-39.633
1993,83,1,6,0.0,7.38,11.83,69.06,0.0,34.532,104.737,3.75,70.205,0.0,12.602
1994,83,2,6,0.0,7.81,11.42,74.19,0.0,45.694,103.88,3.75,58.186,0.0,-0.857
1995,83,3,6,0.0,8.08,11.93,72.62,0.0,53.833,94.457,3.75,40.624,0.0,-9.423
1996,83,4,6,0.0,8.23,13.79,78.15,0.0,58.882,100.914,3.75,42.032,0.0,6.457
1997,83,5,6,0.0,7.18,13.96,75.66,0.0,29.959,119.422,3.75,89.463,0.0,18.508
1998,83,6,6,0.0,6.6,14.85,69.07,0.0,19.208,122.322,8.2,103.114,0.0,2.9
1999,83,7,6,158.25,6.37,14.15,57.52,79.124,15.809,135.812,8.2,40.879,79.124,13.49
2000,83,8,6,364.49,6.16,16.26,65.8,182.246,13.037,131.891,8.2,-63.392,103.122,-3.921
2001,83,9,6,556.58,7.35,18.79,54.46,278.292,33.773,159.117,6.1,-152.948,96.046,27.226
2002,83,10,6,733.74,8.04,19.26,51.53,366.872,52.576,159.532,6.1,-259.916,88.58,0.415
2003,83,11,6,850.09,7.54,21.13,52.7,425.045,38.52,153.653,6.1,-309.912,58.173,-5.879
2004,83,12,6,843.85,6.72,23.24,53.5,421.927,21.115,148.902,6.1,-294.14,-3.118,-4.751
2005,83,13,6,839.96,7.51,23.24,40.63,419.978,37.718,132.774,6.1,-324.922,-1.949,-16.128
2006,83,14,6,724.58,6.74,24.53,41.0,362.291,21.526,123.518,6.1,-260.299,-57.687,-9.256
2007,83,15,6,534.37,6.39,26.38,27.01,265.715,16.064,123.907,6.1,-157.872,-96.576,0.389
2008,83,16,6,355.71,6.26,24.05,36.47,177.854,14.279,126.094,6.1,-66.039,-87.861,2.187
2009,83,17,6,154.01,5.67,25.08,35.32,76.981,7.866,155.539,6.1,70.692,-100.873,29.445
2010,83,18,6,0.0,5.79,23.38,45.05,0.0,8.978,153.436,9.5,144.458,-76.981,-2.103
2011,83,19,6,0.0,6.21,19.7,37.62,0.0,13.581,141.354,9.5,127.773,0.0,-12.082
2012,83,20,6,0.0,6.22,18.69,43.55,0.0,13.797,160.922,9.5,147.125,0.0,19.568
2013,83,21,6,0.0,6.34,17.46,56.18,0.0,15.327,130.688,9.5,115.361,0.0,-30.234
2014,83,22,6,0.0,6.82,15.89,54.45,0.0,22.95,121.793,6.1,98.843,0.0,-8.895
2015,83,23,6,0.0,7.33,15.36,53.52,0.0,33.502,117.788,6.1,84.286,0.0,-4.005
2016,84,0,0,0.0,6.27,15.11,80.31,0.0,14.453,107.509,3.75,93.056,0.0,-10.279
2017,84,1,0,0.0,6.67,14.93,62.67,0.0,20.301,121.94,3.75,101.639,0.0,14.431
2018,84,2,0,0.0,6.51,13.19,71.93,0.0,17.832,120.615,3.75,102.783,0.0,-1.325
2019,84,3,0,0.0,7.31,12.08,76.4,0.0,32.874,129.751,3.75,96.877,0.0,9.136
2020,84,4,0,0.0,7.12,10.32,76.61,0.0,28.858,136.517,3.75,107.659,0.0,6.766
2021,84,5,0,0.0,6.61,13.51,73.18,0.0,19.409,141.861,3.75,122.452,0.0,5.344
2022,84,6,0,0.0,6.57,14.41,71.21,0.0,18.661,154.148,8.2,135.487,0.0,12.287
2023,84,7,0,153.6,7.79,15.84,67.73,76.799,45.362,178.95,8.2,56.789,76.799,24.802
2024,84,8,0,343.97,7.81,19.59,58.3,171.987,45.67,188.042,8.2,-29.615,95.188,9.092
2025,84,9,0,512.3,8.27,20.11,73.08,256.151,60.237,197.343,6.1,-119.045,84.164,9.301
2026,84,10,0,685.39,7.66,21.11,53.68,342.694,41.774,202.504,6.1,-181.964,86.543,5.161
2027,84,11,0,718.24,7.3,20.46,53.41,359.122,32.746,212.077,6.1,-179.791,16.428,9.573
2028,84,12,0,768.23,7.25,22.25,42.99,384.114,31.56,188.338,6.1,-227.336,24.992,-23.739
2029,84,13,0,729.26,7.79,23.7,38.73,364.631,45.266,170.078,6.1,-239.819,-19.483,-18.26
2030,84,14,0,673.29,7.34,23.48,34.95,336.647,33.696,148.942,6.1,-221.401,-27.984,-21.136
2031,84,15,0,510.83,7.14,25.22,26.38,255.19,29.297,149.656,6.1,-134.831,-81.457,0.714
2032,84,16,0,335.89,6.17,24.84,34.04,167.947,13.145,162.468,6.1,-18.624,-87.243,12.812
2033,84,17,0,141.19,5.88,22.51,33.24,70.594,9.807,175.948,6.1,95.547,-97.353,13.48
2034,84,18,0,0.0,7.03,24.3,44.71,0.0,26.992,182.673,9.5,155.681,-70.594,6.725
2035,84,19,0,0.0,7.16,21.74,33.68,0.0,29.69,193.718,9.5,164.028,0.0,11.045
2036,84,20,0,0.0,8.14,18.1,41.54,0.0,55.973,180.637,9.5,124.664,0.0,-13.081
2037,84,21,0,0.0,8.41,18.56,44.43,0.0,65.291,164.45,9.5,99.159,0.0,-16.187
2038,84,22,0,0.0,8.87,17.4,63.66,0.0,83.388,160.542,6.1,77.154,0.0,-3.908
2039,84,23,0,0.0,8.14,16.79,54.96,0.0,55.861,152.577,6.1,96.716,0.0,-7.965
2040,85,0,1,0.0,9.62,14.13,68.37,0.0,119.286,114.258,3.75,-5.028,0.0,-38.319
2041,85,1,1,0.0,9.06,14.57,74.96,0.0,91.52,125.631,3.75,34.111,0.0,11.373
2042,85,2,1,0.0,8.9,13.2,71.44,0.0,84.312,109.806,3.75,25.494,0.0,-15.825
2043,85,3,1,0.0,9.08,11.2,66.06,0.0,92.69,116.154,3.75,23.464,0.0,6.348
2044,85,4,1,0.0,9.01,11.28,66.82,0.0,89.209,128.68,3.75,39.471,0.0,12.526
2045,85,5,1,0.0,8.03,14.92,79.48,0.0,52.335,151.38,3.75,99.045,0.0,22.7
2046,85,6,1,0.0,7.84,15.97,64.76,0.0,46.567,148.714,8.2,102.147,0.0,-2.666
2047,85,7,1,151.57,8.64,16.16,71.49,75.784,73.709,163.688,8.2,14.195,75.784,14.974
2048,85,8,1,357.3,9.3,19.02,65.69,178.65,102.941,185.687,8.2,-95.904,102.866,21.999
2049,85,9,1,537.9,9.15,20.04,62.44,268.951,95.511,197.063,6.1,-167.399,90.301,11.376
2050,85,10,1,720.67,8.68,21.15,57.83,360.336,75.494,194.789,6.1,-241.041,91.385,-2.274
2051,85,11,1,794.53,8.43,20.68,44.22,397.267,66.057,213.034,6.1,-250.29,36.931,18.245
2052,85,12,1,869.07,7.82,25.09,39.15,434.37,46.041,184.6,6.1,-295.811,37.103,-28.434
2053,85,13,1,912.3,7.22,24.61,45.15,456.152,30.856,174.885,6.1,-312.123,21.782,-9.715
2054,85,14,1,793.01,7.62,24.11,33.9,396.503,40.599,160.795,6.1,-276.307,-59.649,-14.09
2055,85,15,1,614.42,7.09,23.97,19.18,307.209,28.188,164.446,6.1,-170.951,-89.294,3.651
2056,85,16,1,381.34,7.14,24.88,38.89,190.668,29.306,175.877,6.1,-44.097,-116.541,11.431
2057,85,17,1,151.25,8.21,21.96,29.46,75.626,58.244,189.903,6.1,56.033,-115.042,14.026
2058,85,18,1,0.0,8.15,23.86,40.48,0.0,56.252,180.786,9.5,124.534,-75.626,-9.117
2059,85,19,1,0.0,8.17,20.63,49.21,0.0,56.966,199.477,9.5,142.511,0.0,18.691
2060,85,20,1,0.0,8.08,20.77,45.1,0.0,54.068,189.351,9.5,135.283,0.0,-10.126
2061,85,21,1,0.0,8.76,18.15,55.8,0.0,78.797,179.348,9.5,100.551,0.0,-10.003
2062,85,22,1,0.0,8.6,16.9,55.92,0.0,72.408,154.711,6.1,82.303,0.0,-24.637
2063,85,23,1,0.0,7.83,14.87,69.7,0.0,46.463,139.949,6.1,93.486,0.0,-14.762
2064,86,0,2,0.0,7.69,14.49,58.63,0.0,42.359,130.453,3.75,88.094,0.0,-9.496
2065,86,1,2,0.0,7.17,16.0,69.09,0.0,29.754,131.17,3.75,101.416,0.0,0.717
2066,86,2,2,0.0,7.11,14.79,76.36,0.0,28.534,137.421,3.75,108.887,0.0,6.251
2067,86,3,2,0.0,6.6,13.35,73.18,0.0,19.166,129.385,3.75,110.219,0.0,-8.036
2068,86,4,2,0.0,6.74,13.1,81.91,0.0,21.543,132.375,3.75,110.832,0.0,2.99
2069,86,5,2,0.0,6.48,14.74,71.73,0.0,17.401,122.451,3.75,105.05,0.0,-9.924
2070,86,6,2,0.0,6.82,16.04,84.74,0.0,23.006,141.867,8.2,118.861,0.0,19.416
2071,86,7,2,143.23,6.75,14.93,81.88,71.616,21.655,166.858,8.2,73.587,71.616,24.991
2072,86,8,2,314.22,6.31,17.28,66.69,157.108,14.936,176.367,8.2,4.323,85.492,9.509
2073,86,9,2,493.75,6.2,16.74,63.49,246.873,13.442,203.043,6.1,-57.272,89.765,26.676
2074,86,10,2,651.41,6.43,21.83,62.15,325.706,16.535,190.348,6.1,-151.893,78.833,-12.695
2075,86,11,2,721.06,6.1,24.41,42.7,360.53,12.259,192.897,6.1,-179.892,34.824,2.549
2076,86,12,2,764.18,5.55,23.27,37.13,382.091,6.812,182.802,6.1,-206.101,21.561,-10.095
2077,86,13,2,741.56,6.28,21.57,48.4,370.778,14.534,183.405,6.1,-201.907,-11.313,0.603
2078,86,14,2,596.67,6.0,25.45,39.32,297.794,11.059,158.946,6.1,-149.907,-72.984,-24.459
2079,86,15,2,450.0,6.16,23.84,34.32,224.998,12.988,164.352,6.1,-73.634,-72.796,5.406
2080,86,16,2,298.17,6.01,23.93,35.07,149.083,11.273,167.363,6.1,7.007,-75.915,3.011
2081,86,17,2,130.93,5.73,24.88,21.37,65.463,8.379,183.608,6.1,109.766,-83.62,16.245
2082,86,18,2,0.0,6.5,23.48,36.54,0.0,17.702,193.461,9.5,175.759,-65.463,9.853
2083,86,19,2,0.0,7.93,21.34,36.34,0.0,49.166,190.174,9.5,141.008,0.0,-3.287
2084,86,20,2,0.0,7.32,19.7,50.51,0.0,33.149,171.161,9.5,138.012,0.0,-19.013
2085,86,21,2,0.0,7.45,19.08,55.79,0.0,36.355,169.491,9.5,133.136,0.0,-1.67
2086,86,22,2,0.0,7.28,16.88,58.46,0.0,32.34,155.1,6.1,122.76,0.0,-14.391
2087,86,23,2,0.0,7.99,14.6,62.55,0.0,51.004,143.563,6.1,92.559,0.0,-11.537
2088,87,0,3,0.0,7.86,14.44,56.02,0.0,47.101,116.925,3.75,69.824,0.0,-26.638
2089,87,1,3,0.0,7.13,14.29,72.69,0.0,28.89,132.517,3.75,103.627,0.0,15.592
2090,87,2,3,0.0,7.84,13.07,76.1,0.0,46.558,124.86,3.75,78.302,0.0,-7.657
2091,87,3,3,0.0,8.97,11.39,81.79,0.0,87.392,120.285,3.75,32.893,0.0,-4.575
2092,87,4,3,0.0,8.79,14.47,87.71,0.0,79.873,129.41,3.75,49.537,0.0,9.125
2093,87,5,3,0.0,7.94,10.6,64.16,0.0,49.758,157.394,3.75,107.636,0.0,27.984
2094,87,6,3,0.0,8.5,14.3,69.99,0.0,68.588,159.894,8.2,91.306,0.0,2.5
2095,87,7,3,156.85,8.05,15.34,64.69,78.426,53.103,178.204,8.2,46.675,78.426,18.31
2096,87,8,3,378.17,7.47,17.71,66.04,189.086,36.821,176.629,8.2,-49.278,110.66,-1.575
2097,87,9,3,573.73,7.58,19.76,60.26,286.863,39.44,190.792,6.1,-135.511,97.777,14.163
2098,87,10,3,698.43,8.49,21.99,53.6,349.217,68.16,195.145,6.1,-222.232,62.354,4.353
2099,87,11,3,851.96,8.68,21.23,55.99,425.982,75.381,198.155,6.1,-303.208,76.765,3.01
2100,87,12,3,896.51,8.8,24.03,38.39,448.254,80.391,184.891,6.1,-343.754,22.272,-13.264
2101,87,13,3,804.41,7.92,24.51,34.61,402.206,48.967,169.651,6.1,-281.522,-46.048,-15.24
2102,87,14,3,682.07,8.23,22.82,31.53,341.035,58.927,160.711,6.1,-239.251,-61.171,-8.94
2103,87,15,3,541.75,8.32,27.36,33.52,268.315,61.868,154.195,6.1,-175.988,-72.72,-6.516
2104,87,16,3,342.45,8.12,23.15,27.63,171.226,55.195,164.168,6.1,-62.253,-97.089,9.973
2105,87,17,3,143.21,7.92,24.78,35.39,71.604,49.144,185.084,6.1,64.336,-99.622,20.916
2106,87,18,3,0.0,6.97,23.79,36.69,0.0,25.677,174.339,9.5,148.662,-71.604,-10.745
2107,87,19,3,0.0,6.27,22.41,36.14,0.0,14.345,192.993,9.5,178.648,0.0,18.654
2108,87,20,3,0.0,6.53,20.04,50.24,0.0,18.143,195.559,9.5,177.416,0.0,2.566
2109,87,21,3,0.0,7.4,20.07,49.47,0.0,35.139,169.682,9.5,134.543,0.0,-25.877
2110,87,22,3,0.0,7.56,15.66,61.38,0.0,39.064,150.85,6.1,111.786,0.0,-18.832
2111,87,23,3,0.0,7.53,16.0,59.01,0.0,38.257,148.506,6.1,110.249,0.0,-2.344
2112,88,0,4,0.0,6.96,14.32,64.85,0.0,25.525,114.816,3.75,89.291,0.0,-33.69
2113,88,1,4,0.0,7.17,13.23,65.77,0.0,29.799,123.072,3.75,93.273,0.0,8.256
2114,88,2,4,0.0,6.21,13.95,72.28,0.0,13.581,116.295,3.75,102.714,0.0,-6.777
2115,88,3,4,0.0,7.0,14.53,78.59,0.0,26.38,112.547,3.75,86.167,0.0,-3.748
2116,88,4,4,0.0,6.98,13.03,72.53,0.0,25.965,131.713,3.75,105.748,0.0,19.166
2117,88,5,4,0.0,6.77,14.98,77.43,0.0,21.971,131.702,3.75,109.731,0.0,-0.011
2118,88,6,4,0.0,7.21,15.05,67.44,0.0,30.8,154.314,8.2,123.514,0.0,22.612
2119,88,7,4,158.98,6.92,15.16,73.7,79.492,24.852,178.548,8.2,74.204,79.492,24.234
2120,88,8,4,378.93,7.37,17.37,61.52,189.463,34.295,199.591,8.2,-24.167,109.971,21.043
2121,88,9,4,591.36,7.17,18.88,65.29,295.678,29.863,196.834,6.1,-128.707,106.215,-2.757
2122,88,10,4,744.36,8.01,19.95,55.37,372.178,51.609,208.528,6.1,-215.259,76.5,11.694
2123,88,11,4,857.08,7.78,22.75,58.95,428.541,44.875,199.654,6.1,-273.762,56.363,-8.874
2124,88,12,4,892.95,7.3,23.76,38.08,446.475,32.799,183.013,6.1,-296.261,17.934,-16.641
2125,88,13,4,856.89,7.33,22.52,32.0,428.446,33.312,157.977,6.1,-303.781,-18.029,-25.036
2126,88,14,4,796.86,7.35,23.05,33.98,398.43,33.868,176.454,6.1,-255.844,-30.016,18.477
2127,88,15,4,596.23,8.02,25.75,27.37,297.225,51.962,151.977,6.1,-197.21,-101.205,-24.477
2128,88,16,4,382.46,7.5,24.05,26.7,191.23,37.503,176.486,6.1,-52.247,-105.995,24.509
2129,88,17,4,166.83,7.95,24.79,39.41,83.416,49.852,180.278,6.1,47.01,-107.814,3.792
2130,88,18,4,0.0,7.67,24.42,37.65,0.0,41.964,178.43,9.5,136.466,-83.416,-1.848
2131,88,19,4,0.0,7.76,20.71,37.98,0.0,44.448,192.507,9.5,148.059,0.0,14.077
2132,88,20,4,0.0,8.08,19.09,42.68,0.0,53.974,201.378,9.5,147.404,0.0,8.871
2133,88,21,4,0.0,7.36,21.24,46.24,0.0,34.041,183.243,9.5,149.202,0.0,-18.135
2134,88,22,4,0.0,7.03,18.1,64.9,0.0,26.978,150.807,6.1,123.829,0.0,-32.436
2135,88,23,4,0.0,6.82,15.73,55.76,0.0,22.974,135.26,6.1,112.286,0.0,-15.547
2136,89,0,5,0.0,6.22,14.03,57.07,0.0,13.766,96.398,3.75,82.632,0.0,-38.862
2137,89,1,5,0.0,5.98,13.58,73.92,0.0,10.852,94.712,3.75,83.86,0.0,-1.686
2138,89,2,5,0.0,5.56,12.16,71.03,0.0,6.895,106.694,3.75,99.799,0.0,11.982
2139,89,3,5,0.0,6.31,14.45,86.55,0.0,14.985,105.268,3.75,90.283,0.0,-1.426
2140,89,4,5,0.0,6.45,12.66,71.84,0.0,16.94,90.037,3.75,73.097,0.0,-15.231
2141,89,5,5,0.0,6.26,15.5,79.39,0.0,14.313,114.164,3.75,99.851,0.0,24.127
2142,89,6,5,0.0,7.25,14.67,78.81,0.0,31.654,118.878,8.2,87.224,0.0,4.714
2143,89,7,5,172.69,6.72,15.14,66.01,86.346,21.15,132.467,8.2,24.971,86.346,13.589
2144,89,8,5,392.3,6.45,17.32,60.54,196.152,16.886,145.95,8.2,-67.088,109.806,13.483
2145,89,9,5,596.06,7.11,16.24,64.62,298.031,28.578,162.375,6.1,-164.234,101.879,16.425
2146,89,10,5,746.64,6.41,20.8,58.45,373.322,16.379,163.949,6.1,-225.752,75.291,1.574
2147,89,11,5,885.03,7.04,22.18,41.36,442.517,27.23,147.081,6.1,-322.666,69.195,-16.868
2148,89,12,5,909.26,6.67,24.62,38.23,454.631,20.283,144.518,6.1,-330.396,12.114,-2.563
2149,89,13,5,869.27,6.32,22.32,25.64,434.635,15.06,131.501,6.1,-318.194,-19.996,-13.017
2150,89,14,5,749.49,6.07,26.58,41.25,372.377,11.919,113.895,6.1,-270.401,-62.258,-17.606
2151,89,15,5,588.0,5.76,26.37,34.11,292.383,8.685,124.082,6.1,-176.986,-79.994,10.187
2152,89,16,5,362.14,5.67,26.69,34.03,179.85,7.838,143.652,6.1,-44.036,-112.533,19.57
2153,89,17,5,147.84,5.88,24.52,25.53,73.922,9.855,123.426,6.1,39.649,-105.928,-20.226
2154,89,18,5,0.0,5.72,24.85,31.09,0.0,8.322,144.92,9.5,136.598,-73.922,21.494
2155,89,19,5,0.0,6.42,20.62,37.99,0.0,16.441,147.603,9.5,131.162,0.0,2.683
2156,89,20,5,0.0,6.07,21.8,40.97,0.0,11.935,145.915,9.5,133.98,0.0,-1.688
2157,89,21,5,0.0,6.01,18.46,50.53,0.0,11.169,125.505,9.5,114.336,0.0,-20.41
2158,89,22,5,0.0,5.38,15.85,58.5,0.0,5.567,109.3,6.1,103.733,0.0,-16.205
2159,89,23,5,0.0,5.81,15.04,73.79,0.0,9.098,98.801,6.1,89.703,0.0,-10.499
2160,90,0,6,0.0,5.92,15.31,64.88,0.0,10.287,106.148,3.75,95.861,0.0,7.347
2161,90,1,6,0.0,6.38,13.36,75.83,0.0,15.861,88.078,3.75,72.217,0.0,-18.07
2162,90,2,6,0.0,5.87,14.2,67.34,0.0,9.69,93.001,3.75,83.311,0.0,4.923
2163,90,3,6,0.0,5.36,11.37,64.27,0.0,5.385,116.088,3.75,110.703,0.0,23.087
2164,90,4,6,0.0,5.97,11.19,72.89,0.0,10.782,97.597,3.75,86.815,0.0,-18.491
2165,90,5,6,0.0,5.84,15.99,64.73,0.0,9.463,113.122,3.75,103.659,0.0,15.525
2166,90,6,6,0.0,6.82,16.38,72.41,0.0,22.967,128.7,8.2,105.733,0.0,15.578
2167,90,7,6,162.1,7.11,15.28,64.46,81.049,28.657,140.163,8.2,30.457,81.049,11.463
2168,90,8,6,369.71,6.5,17.99,53.27,184.853,17.61,133.161,8.2,-69.302,103.804,-7.002
2169,90,9,6,565.79,5.93,20.77,70.59,282.896,10.353,146.924,6.1,-146.325,98.043,13.763
2170,90,10,6,713.66,6.34,21.6,51.77,356.829,15.32,158.389,6.1,-213.76,73.933,11.465
2171,90,11,6,792.26,6.75,22.72,40.0,396.13,21.773,168.357,6.1,-249.546,39.301,9.968
2172,90,12,6,824.12,7.01,25.1,50.39,411.897,26.464,138.749,6.1,-299.612,15.767,-29.608
2173,90,13,6,756.98,7.19,23.86,36.49,378.491,30.347,131.004,6.1,-277.834,-33.406,-7.745
2174,90,14,6,672.12,7.87,25.37,44.22,335.554,47.595,130.578,6.1,-252.571,-42.937,-0.426
2175,90,15,6,521.45,8.34,25.52,31.28,260.183,62.575,129.788,6.1,-192.97,-75.371,-0.79
2176,90,16,6,340.54,7.98,25.01,31.75,170.263,50.777,134.206,6.1,-86.834,-89.92,4.418
2177,90,17,6,147.97,8.13,24.27,37.75,73.983,55.65,130.213,6.1,0.58,-96.28,-3.993
2178,90,18,6,0.0,7.92,23.87,41.24,0.0,48.928,140.71,9.5,91.782,-73.983,10.497
2179,90,19,6,0.0,7.15,22.58,45.47,0.0,29.433,149.627,9.5,120.194,0.0,8.917
2180,90,20,6,0.0,7.85,19.84,44.46,0.0,47.048,153.567,9.5,106.519,0.0,3.94
2181,90,21,6,0.0,7.11,20.5,53.0,0.0,28.487,131.164,9.5,102.677,0.0,-22.403
2182,90,22,6,0.0,7.49,16.82,59.47,0.0,37.23,120.401,6.1,83.171,0.0,-10.763
2183,90,23,6,0.0,6.77,16.28,61.38,0.0,22.038,101.512,6.1,79.474,0.0,-18.889
2184,91,0,0,0.0,6.33,15.1,64.14,0.0,15.202,137.225,3.75,122.023,0.0,35.713
2185,91,1,0,0.0,6.83,14.93,60.47,0.0,23.051,124.116,3.75,101.065,0.0,-13.109
2186,91,2,0,0.0,6.49,11.36,75.92,0.0,17.448,132.859,3.75,115.411,0.0,8.743
2187,91,3,0,0.0,6.37,14.76,74.57,0.0,15.798,127.362,3.75,111.564,0.0,-5.497
2188,91,4,0,0.0,6.46,13.09,72.52,0.0,17.079,133.21,3.75,116.131,0.0,5.848
2189,91,5,0,0.0,7.71,15.96,81.99,0.0,43.021,129.378,3.75,86.357,0.0,-3.832
2190,91,6,0,0.0,7.02,14.88,63.75,0.0,26.685,136.735,8.2,110.05,0.0,7.357
2191,91,7,0,150.95,6.51,16.64,79.01,75.473,17.789,179.131,8.2,85.869,75.473,42.396
2192,91,8,0,342.91,6.51,20.44,64.87,171.455,17.732,184.824,8.2,-4.363,95.982,5.693
2193,91,9,0,540.84,6.09,19.36,62.08,270.42,12.138,197.145,6.1,-85.413,98.965,12.321
2194,91,10,0,710.62,5.9,22.73,52.63,355.312,10.0,189.777,6.1,-175.535,84.892,-7.368
2195,91,11,0,766.43,5.33,22.74,39.82,383.216,5.231,188.645,6.1,-199.802,27.904,-1.132
2196,91,12,0,803.69,5.01,24.44,44.16,401.845,3.364,194.014,6.1,-211.195,18.629,5.369
2197,91,13,0,775.63,5.44,24.97,42.87,387.815,5.983,186.772,6.1,-207.026,-14.03,-7.242
2198,91,14,0,672.92,5.94,26.51,41.74,334.43,10.428,157.978,6.1,-186.88,-53.385,-28.794
2199,91,15,0,505.26,5.81,24.87,34.49,252.63,9.102,165.258,6.1,-96.474,-81.8,7.28
2200,91,16,0,318.66,5.74,24.31,21.84,159.331,8.468,166.444,6.1,-1.355,-93.299,1.186
2201,91,17,0,136.03,5.12,24.12,26.43,68.015,3.93,174.488,6.1,102.543,-91.316,8.044
2202,91,18,0,0.0,5.87,24.06,49.99,0.0,9.711,200.492,9.5,190.781,-68.015,26.004
2203,91,19,0,0.0,6.38,22.43,34.3,0.0,15.867,185.812,9.5,169.945,0.0,-14.68
2204,91,20,0,0.0,7.22,22.1,53.56,0.0,30.932,193.684,9.5,162.752,0.0,7.872
2205,91,21,0,0.0,7.47,21.26,44.22,0.0,36.804,173.493,9.5,136.689,0.0,-20.191
2206,91,22,0,0.0,6.8,16.97,53.91,0.0,22.648,154.306,6.1,131.658,0.0,-19.187
2207,91,23,0,0.0,7.5,15.81,63.93,0.0,37.419,151.507,6.1,114.088,0.0,-2.799
2208,92,0,1,0.0,7.47,13.88,60.08,0.0,36.65,124.529,3.75,87.879,0.0,-26.978
2209,92,1,1,0.0,8.2,17.09,78.7,0.0,57.986,121.999,3.75,64.013,0.0,-2.53
2210,92,2,1,0.0,7.86,14.42,72.77,0.0,47.187,135.16,3.75,87.973,0.0,13.161
2211,92,3,1,0.0,7.1,14.42,77.08,0.0,28.35,137.001,3.75,108.651,0.0,1.841
2212,92,4,1,0.0,6.92,12.44,73.39,0.0,24.83,142.023,3.75,117.193,0.0,5.022
2213,92,5,1,0.0,7.02,14.65,78.27,0.0,26.805,110.15,3.75,83.345,0.0,-31.873
2214,92,6,1,0.0,6.85,16.21,81.79,0.0,23.521,157.323,8.2,133.802,0.0,47.173
2215,92,7,1,165.3,6.69,16.54,68.35,82.649,20.601,170.659,8.2,67.409,82.649,13.336
2216,92,8,1,386.0,7.09,19.58,75.38,193.002,28.186,183.753,8.2,-37.435,110.353,13.094
2217,92,9,1,599.22,8.1,22.62,56.51,299.61,54.514,200.194,6.1,-153.93,106.608,16.441
2218,92,10,1,758.25,7.79,20.26,59.58,379.126,45.234,201.673,6.1,-222.687,79.516,1.479
2219,92,11,1,826.82,8.49,21.62,52.76,413.411,68.021,201.114,6.1,-280.318,34.285,-0.559
2220,92,12,1,869.18,8.37,23.04,38.59,434.591,63.551,183.203,6.1,-314.939,21.18,-17.911
2221,92,13,1,809.21,8.3,26.97,42.14,401.418,61.171,184.68,6.1,-277.909,-33.173,1.477
2222,92,14,1,707.02,7.61,26.89,37.72,350.834,40.217,169.032,6.1,-222.019,-50.584,-15.648
2223,92,15,1,529.34,7.39,25.68,30.56,263.945,34.812,164.081,6.1,-134.676,-86.889,-4.951
2224,92,16,1,325.56,6.95,25.69,37.15,162.333,25.418,168.724,6.1,-19.027,-101.612,4.643
2225,92,17,1,140.89,6.71,24.06,36.56,70.445,21.067,184.551,6.1,93.039,-91.888,15.827
2226,92,18,1,0.0,5.98,25.16,37.24,0.0,10.878,193.681,9.5,182.803,-70.445,9.13
2227,92,19,1,0.0,6.0,22.39,40.45,0.0,11.163,188.363,9.5,177.2,0.0,-5.318
2228,92,20,1,0.0,5.88,21.09,44.46,0.0,9.845,191.514,9.5,181.669,0.0,3.151
2229,92,21,1,0.0,5.86,20.58,47.62,0.0,9.62,171.68,9.5,162.06,0.0,-19.834
2230,92,22,1,0.0,5.52,18.07,55.84,0.0,6.573,169.636,6.1,163.063,0.0,-2.044
2231,92,23,1,0.0,4.93,16.56,56.31,0.0,2.941,149.185,6.1,146.244,0.0,-20.451
2232,93,0,2,0.0,5.26,15.77,80.94,0.0,4.753,117.098,3.75,112.345,0.0,-32.087
2233,93,1,2,0.0,4.81,15.76,60.69,0.0,2.444,141.31,3.75,138.866,0.0,24.212
2234,93,2,2,0.0,4.52,16.18,68.81,0.0,1.44,107.201,3.75,105.761,0.0,-34.109
2235,93,3,2,0.0,4.62,14.7,71.28,0.0,1.738,131.997,3.75,130.259,0.0,24.796
2236,93,4,2,0.0,4.93,15.17,87.24,0.0,2.94,126.724,3.75,123.784,0.0,-5.273
2237,93,5,2,0.0,4.73,14.56,66.4,0.0,2.133,156.189,3.75,154.056,0.0,29.465
2238,93,6,2,0.0,4.36,14.91,74.88,0.0,1.032,155.692,8.2,154.66,0.0,-0.497
2239,93,7,2,141.55,4.59,17.78,70.63,70.774,1.64,162.467,8.2,90.053,70.774,6.775
2240,93,8,2,351.06,5.69,18.65,67.0,175.528,8.009,181.742,8.2,-1.795,104.754,19.275
2241,93,9,2,536.1,5.87,18.29,67.59,268.052,9.719,189.437,6.1,-88.334,92.524,7.695
2242,93,10,2,665.43,5.89,21.16,62.29,332.717,9.921,196.971,6.1,-145.667,64.665,7.534
2243,93,11,2,802.27,5.53,22.9,47.12,401.133,6.665,192.894,6.1,-214.904,68.416,-4.077
2244,93,12,2,858.65,5.82,23.63,46.16,429.326,9.221,179.179,6.1,-259.368,28.193,-13.715
2245,93,13,2,804.69,5.25,26.97,29.67,399.171,4.684,174.707,6.1,-229.148,-30.155,-4.472
2246,93,14,2,661.02,5.95,26.37,38.27,328.7,10.572,165.791,6.1,-173.481,-70.471,-8.916
2247,93,15,2,498.62,7.16,27.65,30.92,246.67,29.549,151.633,6.1,-124.586,-82.03,-14.158
2248,93,16,2,321.09,7.6,26.11,33.88,159.834,39.978,151.367,6.1,-48.445,-86.836,-0.266
2249,93,17,2,144.19,6.56,25.29,25.57,72.009,18.638,177.63,6.1,86.983,-87.825,26.263
2250,93,18,2,0.0,6.58,23.12,40.11,0.0,18.899,189.603,9.5,170.704,-72.009,11.973
2251,93,19,2,0.0,7.14,23.01,30.68,0.0,29.264,194.945,9.5,165.681,0.0,5.342
2252,93,20,2,0.0,7.58,21.57,45.89,0.0,39.456,187.843,9.5,148.387,0.0,-7.102
2253,93,21,2,0.0,6.54,18.36,42.46,0.0,18.225,182.723,9.5,164.498,0.0,-5.12
2254,93,22,2,0.0,6.62,17.8,49.9,0.0,19.543,162.145,6.1,142.602,0.0,-20.578
2255,93,23,2,0.0,7.36,16.61,67.1,0.0,34.109,161.721,6.1,127.612,0.0,-0.424
2256,94,0,3,0.0,7.44,16.4,68.53,0.0,35.966,146.81,3.75,110.844,0.0,-14.911
2257,94,1,3,0.0,8.23,15.51,76.04,0.0,58.767,108.501,3.75,49.734,0.0,-38.309
2258,94,2,3,0.0,8.26,13.65,81.68,0.0,59.967,106.341,3.75,46.374,0.0,-2.16
2259,94,3,3,0.0,8.41,14.71,69.68,0.0,65.127,126.737,3.75,61.61,0.0,20.396
2260,94,4,3,0.0,7.97,14.13,83.99,0.0,50.41,136.221,3.75,85.811,0.0,9.484
2261,94,5,3,0.0,8.79,11.51,65.53,0.0,79.838,140.41,3.75,60.572,0.0,4.189
2262,94,6,3,0.0,8.62,15.32,76.8,0.0,72.963,159.174,8.2,86.211,0.0,18.764
2263,94,7,3,139.16,8.91,18.44,66.18,69.581,84.814,166.519,8.2,12.124,69.581,7.345
2264,94,8,3,336.7,7.76,16.58,59.42,168.351,44.382,178.174,8.2,-34.559,98.77,11.655
2265,94,9,3,547.4,8.35,20.28,63.86,273.701,62.991,190.648,6.1,-146.044,105.35,12.474
2266,94,10,3,730.15,7.81,23.6,60.67,365.075,45.916,197.655,6.1,-213.336,91.374,7.007
2267,94,11,3,835.5,7.03,22.24,55.32,417.751,26.899,202.114,6.1,-242.536,52.676,4.459
2268,94,12,3,817.89,6.75,24.39,46.29,408.944,21.64,181.145,6.1,-249.439,-8.807,-20.969
2269,94,13,3,774.69,6.6,23.78,41.65,387.343,19.211,170.095,6.1,-236.459,-21.601,-11.05
2270,94,14,3,688.97,6.51,27.9,40.84,340.493,17.792,167.091,6.1,-191.194,-46.85,-3.004
2271,94,15,3,511.24,6.05,26.05,37.5,254.55,11.657,157.884,6.1,-108.323,-85.943,-9.207
2272,94,16,3,337.05,5.57,26.0,38.25,167.853,7.005,173.434,6.1,-1.424,-86.697,15.55
2273,94,17,3,148.98,5.72,26.97,36.91,73.902,8.266,167.645,6.1,85.477,-93.951,-5.789
2274,94,18,3,0.0,5.24,25.18,42.74,0.0,4.64,176.108,9.5,171.468,-73.902,8.463
2275,94,19,3,0.0,5.94,22.1,31.09,0.0,10.497,191.388,9.5,180.891,0.0,15.28
2276,94,20,3,0.0,6.42,20.92,44.21,0.0,16.499,186.52,9.5,170.021,0.0,-4.868
2277,94,21,3,0.0,6.63,20.74,41.52,0.0,19.674,163.084,9.5,143.41,0.0,-23.436
2278,94,22,3,0.0,6.45,17.85,56.66,0.0,16.857,164.793,6.1,147.936,0.0,1.709
2279,94,23,3,0.0,5.71,14.61,70.03,0.0,8.232,155.569,6.1,147.337,0.0,-9.224
2280,95,0,4,0.0,5.42,15.99,62.16,0.0,5.812,116.89,3.75,111.078,0.0,-38.679
2281,95,1,4,0.0,4.88,13.33,69.91,0.0,2.751,134.372,3.75,131.621,0.0,17.482
2282,95,2,4,0.0,4.81,16.44,76.86,0.0,2.437,104.767,3.75,102.33,0.0,-29.605
2283,95,3,4,0.0,5.63,14.51,61.91,0.0,7.511,135.309,3.75,127.798,0.0,30.542
2284,95,4,4,0.0,5.22,13.42,71.87,0.0,4.516,125.225,3.75,120.709,0.0,-10.084
2285,95,5,4,0.0,6.21,14.26,76.51,0.0,13.557,148.719,3.75,135.162,0.0,23.494
2286,95,6,4,0.0,6.06,13.79,54.94,0.0,11.832,145.739,8.2,133.907,0.0,-2.98
2287,95,7,4,169.92,5.49,15.98,63.28,84.962,6.374,168.006,8.2,76.67,84.962,22.267
2288,95,8,4,408.2,5.02,19.96,71.61,204.102,3.368,177.106,8.2,-30.364,119.14,9.1
2289,95,9,4,601.73,5.3,22.98,66.19,300.866,5.03,193.133,6.1,-112.763,96.764,16.027
2290,95,10,4,789.88,5.54,22.72,57.25,394.941,6.718,213.745,6.1,-187.914,94.075,20.612
2291,95,11,4,937.89,5.49,23.19,55.12,468.944,6.341,194.354,6.1,-280.931,74.003,-19.391
2292,95,12,4,1008.97,4.97,24.02,46.29,500.0,3.131,201.781,6.1,-301.35,31.056,7.427
2293,95,13,4,940.14,5.38,24.35,44.19,470.069,5.58,169.19,6.1,-306.459,-29.931,-32.591
2294,95,14,4,837.67,5.41,28.57,35.79,412.863,5.768,174.341,6.1,-244.29,-57.206,5.151
2295,95,15,4,649.64,5.06,26.07,36.38,323.427,3.593,146.349,6.1,-180.671,-89.436,-27.992
2296,95,16,4,414.0,4.74,28.63,31.21,203.993,2.176,162.083,6.1,-44.086,-119.434,15.734
2297,95,17,4,169.58,4.75,27.17,43.26,84.055,2.208,170.58,6.1,84.317,-119.938,8.497
2298,95,18,4,0.0,4.52,22.45,46.81,0.0,1.446,197.36,9.5,195.914,-84.055,26.78
2299,95,19,4,0.0,5.21,22.5,49.14,0.0,4.453,190.29,9.5,185.837,0.0,-7.07
2300,95,20,4,0.0,5.43,21.05,42.55,0.0,5.903,166.442,9.5,160.539,0.0,-23.848
2301,95,21,4,0.0,5.96,20.2,44.1,0.0,10.621,159.394,9.5,148.773,0.0,-7.048
2302,95,22,4,0.0,6.34,18.67,62.66,0.0,15.288,145.827,6.1,130.539,0.0,-13.567
2303,95,23,4,0.0,7.19,20.89,63.44,0.0,30.331,147.536,6.1,117.205,0.0,1.709
2304,96,0,5,0.0,6.85,14.91,66.97,0.0,23.424,101.465,3.75,78.041,0.0,-46.071
2305,96,1,5,0.0,6.56,15.53,65.34,0.0,18.587,93.059,3.75,74.472,0.0,-8.406
2306,96,2,5,0.0,6.43,15.39,74.87,0.0,16.558,92.127,3.75,75.569,0.0,-0.932
2307,96,3,5,0.0,6.1,14.45,67.81,0.0,12.253,104.488,3.75,92.235,0.0,12.361
2308,96,4,5,0.0,6.12,14.78,78.8,0.0,12.483,93.919,3.75,81.436,0.0,-10.569
2309,96,5,5,0.0,6.37,14.0,82.59,0.0,15.772,113.494,3.75,97.722,0.0,19.575
2310,96,6,5,0.0,6.23,16.33,82.11,0.0,13.89,122.571,8.2,108.681,0.0,9.077
2311,96,7,5,164.2,6.73,18.06,73.39,82.099,21.383,129.183,8.2,25.701,82.099,6.612
2312,96,8,5,401.24,6.4,19.29,56.71,200.618,16.145,146.278,8.2,-70.485,118.519,17.095
2313,96,9,5,624.4,5.68,21.13,61.36,312.202,7.916,152.688,6.1,-167.43,111.584,6.41
2314,96,10,5,817.96,6.64,23.7,67.84,408.978,19.81,159.172,6.1,-269.616,96.776,6.484
2315,96,11,5,944.29,7.11,24.57,44.61,472.144,28.491,141.49,6.1,-359.145,63.166,-17.682
2316,96,12,5,968.96,7.08,24.78,44.64,484.481,28.046,149.036,6.1,-363.491,12.337,7.546
2317,96,13,5,930.66,6.53,24.24,49.34,465.328,18.057,142.494,6.1,-340.891,-19.153,-6.542
2318,96,14,5,847.92,6.09,25.52,41.38,423.072,12.175,129.156,6.1,-306.091,-42.256,-13.338
2319,96,15,5,637.61,6.47,26.18,50.56,317.296,17.163,129.019,6.1,-205.44,-105.776,-0.137
2320,96,16,5,407.11,7.8,26.55,30.6,202.294,45.544,127.243,6.1,-120.595,-115.002,-1.776
2321,96,17,5,176.38,7.86,25.07,29.74,88.167,47.233,143.432,6.1,8.032,-114.127,16.189
2322,96,18,5,0.0,8.08,23.57,45.02,0.0,53.925,144.766,9.5,90.841,-88.167,1.334
2323,96,19,5,0.0,7.47,22.02,33.68,0.0,36.665,137.983,9.5,101.318,0.0,-6.783
2324,96,20,5,0.0,7.65,20.02,43.82,0.0,41.279,149.316,9.5,108.037,0.0,11.333
2325,96,21,5,0.0,7.25,20.17,49.43,0.0,31.566,119.336,9.5,87.77,0.0,-29.98
2326,96,22,5,0.0,7.75,17.13,61.22,0.0,43.978,122.241,6.1,78.263,0.0,2.905
2327,96,23,5,0.0,7.75,16.25,63.86,0.0,44.123,106.099,6.1,61.976,0.0,-16.142
2328,97,0,6,0.0,7.36,15.88,67.74,0.0,34.129,91.378,3.75,57.249,0.0,-14.721
2329,97,1,6,0.0,7.37,13.8,66.73,0.0,34.322,96.775,3.75,62.453,0.0,5.397
2330,97,2,6,0.0,6.95,15.26,79.61,0.0,25.37,90.778,3.75,65.408,0.0,-5.997
2331,97,3,6,0.0,6.35,15.48,98.0,0.0,15.454,102.79,3.75,87.336,0.0,12.012
2332,97,4,6,0.0,6.98,14.14,79.15,0.0,25.884,103.343,3.75,77.459,0.0,0.553
2333,97,5,6,0.0,7.05,14.88,74.92,0.0,27.279,104.823,3.75,77.544,0.0,1.48
2334,97,6,6,0.0,6.59,17.0,64.53,0.0,19.046,130.218,8.2,111.172,0.0,25.395
2335,97,7,6,149.31,6.08,16.74,65.32,74.653,12.068,132.932,8.2,46.211,74.653,2.714
2336,97,8,6,387.56,6.18,18.1,63.72,193.78,13.186,148.05,8.2,-58.916,119.127,15.118
2337,97,9,6,620.73,5.51,22.03,56.97,310.366,6.525,163.105,6.1,-153.786,116.586,15.055
2338,97,10,6,828.22,5.22,23.21,54.9,414.108,4.481,166.293,6.1,-252.296,103.742,3.188
2339,97,11,6,969.44,5.17,24.32,60.49,484.722,4.181,156.702,6.1,-332.201,70.614,-9.591
2340,97,12,6,1025.13,5.84,25.95,52.48,500.0,9.392,141.604,6.1,-367.788,15.278,-15.098
2341,97,13,6,961.5,5.67,23.42,39.9,480.75,7.816,122.756,6.1,-365.81,-19.25,-18.848
2342,97,14,6,771.62,6.28,28.02,30.43,381.154,14.471,128.159,6.1,-267.466,-99.596,5.403
2343,97,15,6,586.62,6.86,27.07,43.71,290.886,23.694,132.885,6.1,-181.695,-90.268,4.726
2344,97,16,6,382.95,7.66,27.6,34.71,189.478,41.535,130.874,6.1,-100.139,-101.408,-2.011
2345,97,17,6,156.58,7.3,26.26,25.32,77.899,32.739,108.656,6.1,-1.982,-111.579,-22.218
2346,97,18,6,0.0,6.58,24.9,41.95,0.0,18.948,151.111,9.5,132.163,-77.899,42.455
2347,97,19,6,0.0,6.37,23.27,47.01,0.0,15.691,154.522,9.5,138.831,0.0,3.411
2348,97,20,6,0.0,6.45,22.59,30.44,0.0,16.919,140.251,9.5,123.332,0.0,-14.271
2349,97,21,6,0.0,6.57,20.22,44.88,0.0,18.717,140.23,9.5,121.513,0.0,-0.021
2350,97,22,6,0.0,6.08,20.08,54.34,0.0,12.071,124.925,6.1,112.854,0.0,-15.305
2351,97,23,6,0.0,5.93,15.69,64.58,0.0,10.319,103.617,6.1,93.298,0.0,-21.308
2352,98,0,0,0.0,5.66,15.85,61.91,0.0,7.752,131.845,3.75,124.093,0.0,28.228
2353,98,1,0,0.0,5.87,18.0,64.15,0.0,9.703,112.094,3.75,102.391,0.0,-19.751
2354,98,2,0,0.0,5.64,14.2,76.68,0.0,7.614,123.124,3.75,115.51,0.0,11.03
2355,98,3,0,0.0,5.36,14.46,71.51,0.0,5.428,125.196,3.75,119.768,0.0,2.072
2356,98,4,0,0.0,5.49,13.89,78.25,0.0,6.391,125.225,3.75,118.834,0.0,0.029
2357,98,5,0,0.0,5.33,15.95,67.65,0.0,5.197,143.066,3.75,137.869,0.0,17.841
2358,98,6,0,0.0,4.82,15.62,64.21,0.0,2.489,163.613,8.2,161.124,0.0,20.547
2359,98,7,0,165.65,5.48,17.52,73.67,82.825,6.265,178.206,8.2,89.116,82.825,14.593
2360,98,8,0,407.17,5.12,20.21,66.52,203.583,3.905,189.017,8.2,-18.471,120.758,10.811
2361,98,9,0,612.09,4.57,19.91,65.71,306.043,1.579,180.895,6.1,-126.727,102.46,-8.122
2362,98,10,0,782.0,4.79,23.24,51.8,390.998,2.355,188.029,6.1,-205.324,84.955,7.134
2363,98,11,0,910.93,4.62,24.73,45.05,455.466,1.764,196.166,6.1,-261.064,64.468,8.137
2364,98,12,0,1026.24,4.2,26.25,53.16,500.0,0.711,184.263,6.1,-316.448,44.534,-11.903
2365,98,13,0,982.67,4.32,26.11,31.72,489.157,0.938,167.955,6.1,-322.14,-10.843,-16.308
2366,98,14,0,852.65,4.35,30.43,45.19,417.067,1.01,177.332,6.1,-240.745,-72.09,9.377
2367,98,15,0,638.83,5.82,28.01,43.6,315.57,9.187,159.89,6.1,-164.867,-101.497,-17.442
2368,98,16,0,391.48,6.52,26.93,40.16,194.231,17.88,168.393,6.1,-43.718,-121.339,8.503
2369,98,17,0,169.37,6.65,24.89,31.55,84.686,19.968,182.43,6.1,77.776,-109.545,14.037
2370,98,18,0,0.0,6.61,24.87,32.78,0.0,19.312,185.136,9.5,165.824,-84.686,2.706
2371,98,19,0,0.0,7.07,25.46,39.6,0.0,27.788,209.167,9.5,181.379,0.0,24.031
2372,98,20,0,0.0,7.35,24.35,37.23,0.0,33.889,175.266,9.5,141.377,0.0,-33.901
2373,98,21,0,0.0,7.07,22.52,44.05,0.0,27.722,164.695,9.5,136.973,0.0,-10.571
2374,98,22,0,0.0,7.52,20.13,58.87,0.0,37.902,146.084,6.1,108.182,0.0,-18.611
2375,98,23,0,0.0,7.52,16.24,64.07,0.0,38.104,152.291,6.1,114.187,0.0,6.207
2376,99,0,1,0.0,8.42,17.23,58.7,0.0,65.671,128.024,3.75,62.353,0.0,-24.267
2377,99,1,1,0.0,8.19,14.21,73.2,0.0,57.606,117.814,3.75,60.208,0.0,-10.21
2378,99,2,1,0.0,8.44,13.31,75.05,0.0,66.216,116.603,3.75,50.387,0.0,-1.211
2379,99,3,1,0.0,9.17,15.18,83.38,0.0,96.433,137.462,3.75,41.029,0.0,20.859
2380,99,4,1,0.0,9.54,15.72,78.41,0.0,115.272,134.65,3.75,19.378,0.0,-2.812
2381,99,5,1,0.0,9.53,16.78,80.67,0.0,114.418,151.842,3.75,37.424,0.0,17.192
2382,99,6,1,0.0,9.42,17.25,75.18,0.0,108.841,152.565,8.2,43.724,0.0,0.723
2383,99,7,1,143.88,9.08,18.53,75.02,71.939,92.492,172.224,8.2,7.793,71.939,19.659
2384,99,8,1,349.91,8.78,18.16,57.28,174.955,79.61,185.529,8.2,-69.036,103.016,13.305
2385,99,9,1,539.01,7.98,20.77,59.45,269.504,50.92,189.363,6.1,-131.061,94.549,3.834
2386,99,10,1,663.87,7.78,20.64,54.77,331.936,44.814,197.454,6.1,-179.296,62.432,8.091
2387,99,11,1,794.33,7.51,21.49,48.36,397.165,37.832,185.255,6.1,-249.742,65.229,-12.199
2388,99,12,1,872.72,7.28,26.02,47.66,434.576,32.277,188.389,6.1,-278.464,37.411,3.134
2389,99,13,1,835.17,6.41,25.18,44.66,417.28,16.26,177.936,6.1,-255.604,-17.296,-10.453
2390,99,14,1,675.53,6.17,27.73,40.03,334.069,13.109,169.922,6.1,-177.256,-83.211,-8.014
2391,99,15,1,538.35,6.46,28.22,34.62,265.708,17.059,164.288,6.1,-118.479,-68.361,-5.634
2392,99,16,1,324.03,6.29,25.94,30.59,161.402,14.687,162.939,6.1,-13.15,-104.306,-1.349
2393,99,17,1,141.03,6.34,26.8,42.26,70.01,15.392,186.847,6.1,101.445,-91.392,23.908
2394,99,18,1,0.0,6.0,24.34,39.78,0.0,11.136,191.734,9.5,180.598,-70.01,4.887
2395,99,19,1,0.0,5.73,21.68,34.75,0.0,8.37,199.444,9.5,191.074,0.0,7.71
2396,99,20,1,0.0,5.21,22.59,43.84,0.0,4.455,194.299,9.5,189.844,0.0,-5.145
2397,99,21,1,0.0,5.65,20.33,39.36,0.0,7.683,168.446,9.5,160.763,0.0,-25.853
2398,99,22,1,0.0,4.98,18.81,55.21,0.0,3.209,156.646,6.1,153.437,0.0,-11.8
2399,99,23,1,0.0,4.78,20.26,58.99,0.0,2.329,145.909,6.1,143.58,0.0,-10.737
2400,100,0,2,0.0,4.55,14.96,61.55,0.0,1.547,112.354,3.75,110.807,0.0,-33.555
2401,100,1,2,0.0,4.74,16.3,78.65,0.0,2.156,113.09,3.75,110.934,0.0,0.736
2402,100,2,2,0.0,4.6,14.05,65.38,0.0,1.686,113.059,3.75,111.373,0.0,-0.031
2403,100,3,2,0.0,5.46,16.13,78.56,0.0,6.1,125.456,3.75,119.356,0.0,12.397
2404,100,4,2,0.0,5.43,15.6,88.12,0.0,5.94,129.025,3.75,123.085,0.0,3.569
2405,100,5,2,0.0,5.38,16.3,80.78,0.0,5.565,129.003,3.75,123.438,0.0,-0.022
2406,100,6,2,0.0,5.56,15.66,72.13,0.0,6.915,154.165,8.2,147.25,0.0,25.162
2407,100,7,2,136.79,5.65,17.12,62.34,68.393,7.698,167.284,8.2,91.193,68.393,13.119
2408,100,8,2,295.97,5.17,20.6,56.83,147.983,4.196,192.495,8.2,40.316,79.59,25.211
2409,100,9,2,464.52,5.97,23.16,57.71,232.258,10.75,210.364,6.1,-32.644,84.275,17.869
2410,100,10,2,595.17,5.91,23.17,50.88,297.585,10.191,202.161,6.1,-105.615,65.327,-8.203
2411,100,11,2,750.64,6.53,22.96,45.51,375.319,18.044,189.06,6.1,-204.303,77.734,-13.101
2412,100,12,2,743.03,6.97,25.69,43.04,370.495,25.839,189.519,6.1,-206.815,-4.824,0.459
2413,100,13,2,681.83,6.79,29.15,40.24,335.262,22.401,171.835,6.1,-185.828,-35.233,-17.684
2414,100,14,2,635.97,6.85,26.96,40.59,315.497,23.447,159.999,6.1,-178.945,-19.765,-11.836
2415,100,15,2,524.24,6.06,28.79,28.25,258.146,11.848,151.984,6.1,-118.01,-57.351,-8.015
2416,100,16,2,327.67,5.44,25.94,30.91,163.214,5.95,160.169,6.1,-8.995,-94.932,8.185
2417,100,17,2,137.36,5.16,26.18,34.72,68.357,4.146,172.923,6.1,100.42,-94.857,12.754
2418,100,18,2,0.0,5.51,26.02,36.51,0.0,6.493,190.937,9.5,184.444,-68.357,18.014
2419,100,19,2,0.0,5.59,24.51,51.88,0.0,7.153,192.33,9.5,185.177,0.0,1.393
2420,100,20,2,0.0,6.3,21.67,46.39,0.0,14.78,197.203,9.5,182.423,0.0,4.873
2421,100,21,2,0.0,6.26,20.07,40.14,0.0,14.195,174.761,9.5,160.566,0.0,-22.442
2422,100,22,2,0.0,5.95,20.67,57.51,0.0,10.588,156.861,6.1,146.273,0.0,-17.9
2423,100,23,2,0.0,6.16,19.47,63.45,0.0,12.954,137.194,6.1,124.24,0.0,-19.667
2424,101,0,3,0.0,5.81,18.76,64.25,0.0,9.107,113.194,3.75,104.087,0.0,-24.0
2425,101,1,3,0.0,5.81,18.15,61.86,0.0,9.177,117.493,3.75,108.316,0.0,4.299
2426,101,2,3,0.0,6.42,15.55,82.87,0.0,16.503,117.8,3.75,101.297,0.0,0.307
2427,101,3,3,0.0,7.16,14.81,67.9,0.0,29.64,105.778,3.75,76.138,0.0,-12.022
2428,101,4,3,0.0,6.32,17.01,78.96,0.0,15.042,123.564,3.75,108.522,0.0,17.786
2429,101,5,3,0.0,6.52,16.84,75.52,0.0,17.936,153.244,3.75,135.308,0.0,29.68
2430,101,6,3,0.0,7.07,15.76,75.93,0.0,27.726,155.851,8.2,128.125,0.0,2.607
2431,101,7,3,161.6,6.31,16.94,79.38,80.802,14.979,164.962,8.2,69.181,80.802,9.111
2432,101,8,3,365.9,6.23,20.22,68.37,182.949,13.828,186.144,8.2,-10.633,102.147,21.182
2433,101,9,3,576.23,5.75,20.97,56.82,288.117,8.528,178.547,6.1,-118.098,105.168,-7.597
2434,101,10,3,743.4,5.7,22.7,61.64,371.7,8.128,200.678,6.1,-179.15,83.583,22.131
2435,101,11,3,828.35,6.67,25.47,46.04,413.396,20.324,204.767,6.1,-228.953,41.696,4.089
2436,101,12,3,839.0,6.23,26.34,45.98,417.255,13.847,183.295,6.1,-247.807,3.859,-21.472
2437,101,13,3,816.31,6.15,27.98,33.1,403.297,12.888,157.509,6.1,-258.676,-13.958,-25.786
2438,101,14,3,738.27,6.63,24.66,31.48,369.135,19.703,158.537,6.1,-230.301,-34.162,1.028
2439,101,15,3,565.33,6.34,27.49,35.99,279.852,15.364,169.041,6.1,-126.175,-89.283,10.504
2440,101,16,3,361.75,5.91,27.81,37.21,178.838,10.169,165.88,6.1,-23.127,-101.014,-3.161
2441,101,17,3,156.98,6.17,24.55,25.47,78.488,13.097,162.922,6.1,71.337,-100.35,-2.958
2442,101,18,3,0.0,6.04,24.64,40.66,0.0,11.518,203.364,9.5,191.846,-78.488,40.442
2443,101,19,3,0.0,6.14,23.17,35.94,0.0,12.709,178.128,9.5,165.419,0.0,-25.236
2444,101,20,3,0.0,6.17,22.76,52.68,0.0,13.055,180.574,9.5,167.519,0.0,2.446
2445,101,21,3,0.0,5.6,23.14,47.71,0.0,7.257,160.993,9.5,153.736,0.0,-19.581
2446,101,22,3,0.0,6.65,22.06,48.26,0.0,20.022,145.111,6.1,125.089,0.0,-15.882
2447,101,23,3,0.0,6.51,17.21,60.63,0.0,17.808,135.965,6.1,118.157,0.0,-9.146
2448,102,0,4,0.0,6.16,17.72,59.5,0.0,12.987,126.536,3.75,113.549,0.0,-9.429
2449,102,1,4,0.0,6.08,16.8,76.76,0.0,12.054,132.329,3.75,120.275,0.0,5.793
2450,102,2,4,0.0,5.8,16.0,72.32,0.0,9.042,120.261,3.75,111.219,0.0,-12.068
2451,102,3,4,0.0,5.81,15.81,73.41,0.0,9.119,118.135,3.75,109.016,0.0,-2.126
2452,102,4,4,0.0,5.97,15.9,78.55,0.0,10.807,135.411,3.75,124.604,0.0,17.276
2453,102,5,4,0.0,5.41,18.16,68.29,0.0,5.751,144.436,3.75,138.685,0.0,9.025
2454,102,6,4,0.0,6.26,18.41,64.59,0.0,14.246,154.766,8.2,140.52,0.0,10.33
2455,102,7,4,158.72,5.67,17.06,71.59,79.359,7.804,170.115,8.2,82.952,79.359,15.349
2456,102,8,4,385.72,5.25,20.73,58.4,192.86,4.702,181.984,8.2,-15.578,113.501,11.869
2457,102,9,4,590.14,6.31,22.4,53.58,295.068,14.928,194.884,6.1,-115.112,102.208,12.9
2458,102,10,4,717.9,6.19,23.26,60.02,358.95,13.413,196.891,6.1,-175.472,63.882,2.007
2459,102,11,4,773.07,7.2,25.69,52.97,385.476,30.422,203.033,6.1,-212.865,26.526,6.142
2460,102,12,4,778.37,6.66,25.8,37.48,387.947,20.12,202.02,6.1,-206.047,2.471,-1.013
2461,102,13,4,716.34,6.59,26.76,37.14,355.645,19.109,173.055,6.1,-201.699,-32.302,-28.965
2462,102,14,4,630.3,6.37,27.27,32.26,312.292,15.774,161.733,6.1,-166.333,-43.353,-11.322
2463,102,15,4,469.47,6.17,24.91,46.34,234.736,13.072,160.792,6.1,-87.016,-77.556,-0.941
2464,102,16,4,296.94,6.88,27.03,40.44,147.266,24.04,158.484,6.1,-12.822,-87.47,-2.308
2465,102,17,4,124.91,6.38,25.72,33.16,62.273,15.929,180.32,6.1,102.118,-84.993,21.836
2466,102,18,4,0.0,6.15,24.15,41.14,0.0,12.921,187.88,9.5,174.959,-62.273,7.56
2467,102,19,4,0.0,5.55,26.05,32.72,0.0,6.85,184.722,9.5,177.872,0.0,-3.158
2468,102,20,4,0.0,6.15,23.49,40.96,0.0,12.871,189.663,9.5,176.792,0.0,4.941
2469,102,21,4,0.0,5.59,21.29,50.45,0.0,7.159,169.378,9.5,162.219,0.0,-20.285
2470,102,22,4,0.0,5.11,19.1,57.71,0.0,3.852,145.579,6.1,141.727,0.0,-23.799
2471,102,23,4,0.0,4.88,18.68,59.59,0.0,2.747,142.341,6.1,139.594,0.0,-3.238
2472,103,0,5,0.0,5.38,18.42,66.49,0.0,5.543,96.592,3.75,91.049,0.0,-45.749
2473,103,1,5,0.0,5.77,15.28,69.61,0.0,8.774,102.815,3.75,94.041,0.0,6.223
2474,103,2,5,0.0,6.0,15.67,71.34,0.0,11.113,102.834,3.75,91.721,0.0,0.019
2475,103,3,5,0.0,7.25,16.51,72.54,0.0,31.654,97.541,3.75,65.887,0.0,-5.293
2476,103,4,5,0.0,7.53,13.35,72.44,0.0,38.196,98.823,3.75,60.627,0.0,1.282
2477,103,5,5,0.0,7.15,16.21,75.71,0.0,29.447,109.467,3.75,80.02,0.0,10.644
2478,103,6,5,0.0,6.95,16.71,74.79,0.0,25.417,122.084,8.2,96.667,0.0,12.617
2479,103,7,5,144.63,6.58,18.31,70.33,72.315,18.819,134.795,8.2,43.661,72.315,12.711
2480,103,8,5,366.58,7.19,19.32,57.93,183.289,30.245,145.014,8.2,-68.52,110.974,10.219
2481,103,9,5,557.63,7.46,21.64,54.18,278.816,36.595,150.62,6.1,-164.791,95.527,5.606
2482,103,10,5,734.08,7.01,25.33,57.39,366.551,26.61,162.631,6.1,-230.53,87.735,12.011
2483,103,11,5,846.94,6.84,24.08,58.65,423.471,23.216,146.242,6.1,-300.445,56.92,-16.389
2484,103,12,5,884.81,6.43,26.06,45.91,440.524,16.641,163.457,6.1,-293.708,17.053,17.215
2485,103,13,5,844.39,6.42,29.06,38.39,415.335,16.511,139.922,6.1,-291.924,-25.189,-23.535
2486,103,14,5,737.37,6.1,26.61,39.03,366.314,12.31,117.131,6.1,-261.493,-49.021,-22.791
2487,103,15,5,584.76,6.64,29.65,28.86,286.942,19.872,125.261,6.1,-181.553,-79.372,8.13
2488,103,16,5,389.93,7.06,27.27,42.85,193.192,27.612,133.861,6.1,-86.943,-93.75,8.6
2489,103,17,5,164.72,7.36,28.81,36.8,81.104,34.056,133.036,6.1,17.876,-112.088,-0.825
2490,103,18,5,0.0,7.54,26.61,33.66,0.0,38.486,131.784,9.5,93.298,-81.104,-1.252
2491,103,19,5,0.0,6.82,24.84,39.86,0.0,22.85,138.345,9.5,115.495,0.0,6.561
2492,103,20,5,0.0,6.17,22.95,41.84,0.0,13.076,146.597,9.5,133.521,0.0,8.252
2493,103,21,5,0.0,7.08,20.72,57.69,0.0,27.946,117.915,9.5,89.969,0.0,-28.682
2494,103,22,5,0.0,7.69,20.01,53.79,0.0,42.435,107.97,6.1,65.535,0.0,-9.945
2495,103,23,5,0.0,7.61,19.55,61.11,0.0,40.448,113.09,6.1,72.642,0.0,5.12
2496,104,0,6,0.0,7.34,17.36,68.44,0.0,33.579,92.889,3.75,59.31,0.0,-20.201
2497,104,1,6,0.0,7.2,16.04,64.7,0.0,30.448,89.539,3.75,59.091,0.0,-3.35
2498,104,2,6,0.0,7.55,15.52,73.48,0.0,38.837,92.196,3.75,53.359,0.0,2.657
2499,104,3,6,0.0,7.71,16.8,75.97,0.0,42.954,86.621,3.75,43.667,0.0,-5.575
2500,104,4,6,0.0,7.42,17.29,65.68,0.0,35.517,106.446,3.75,70.929,0.0,19.825
2501,104,5,6,0.0,7.03,15.62,75.83,0.0,26.909,102.97,3.75,76.061,0.0,-3.476
2502,104,6,6,0.0,6.46,16.57,72.05,0.0,17.063,114.858,8.2,97.795,0.0,11.888
2503,104,7,6,173.02,6.82,19.07,69.92,86.509,22.865,133.662,8.2,24.288,86.509,18.804
2504,104,8,6,419.14,6.09,21.89,65.21,209.571,12.161,140.509,8.2,-81.223,123.062,6.847
2505,104,9,6,665.77,5.66,22.99,61.73,332.887,7.728,145.666,6.1,-194.949,123.316,5.157
2506,104,10,6,866.53,6.14,21.66,63.02,433.267,12.692,138.697,6.1,-307.262,100.38,-6.969
2507,104,11,6,996.55,6.18,24.3,42.75,498.276,13.27,154.533,6.1,-357.013,65.009,15.836
2508,104,12,6,1044.71,5.78,24.74,42.95,500.0,8.81,144.213,6.1,-364.597,1.724,-10.32
2509,104,13,6,976.31,5.3,26.49,44.86,485.249,4.989,129.64,6.1,-360.598,-14.751,-14.573
2510,104,14,6,821.91,6.49,29.33,40.57,403.829,17.537,117.816,6.1,-303.55,-81.42,-11.824
2511,104,15,6,660.81,5.93,25.91,38.44,329.21,10.36,123.847,6.1,-215.723,-74.619,6.031
2512,104,16,6,418.7,5.46,25.47,51.52,208.958,6.136,131.488,6.1,-83.606,-120.252,7.641
2513,104,17,6,180.18,5.2,25.82,39.37,89.799,4.38,136.574,6.1,42.395,-119.159,5.086
2514,104,18,6,0.0,5.61,26.2,44.47,0.0,7.307,156.809,9.5,149.502,-89.799,20.235
2515,104,19,6,0.0,5.93,25.36,39.02,0.0,10.369,152.254,9.5,141.885,0.0,-4.555
2516,104,20,6,0.0,5.66,23.69,39.04,0.0,7.745,141.362,9.5,133.617,0.0,-10.892
2517,104,21,6,0.0,5.42,23.02,47.94,0.0,5.845,137.821,9.5,131.976,0.0,-3.541
2518,104,22,6,0.0,5.42,17.94,59.27,0.0,5.822,119.92,6.1,114.098,0.0,-17.901
2519,104,23,6,0.0,5.92,20.04,62.62,0.0,10.266,109.126,6.1,98.86,0.0,-10.794
2520,105,0,0,0.0,6.06,17.14,67.42,0.0,11.803,131.715,3.75,119.912,0.0,22.589
2521,105,1,0,0.0,6.34,17.44,67.86,0.0,15.296,114.717,3.75,99.421,0.0,-16.998
2522,105,2,0,0.0,6.27,14.37,70.08,0.0,14.358,123.433,3.75,109.075,0.0,8.716
2523,105,3,0,0.0,6.26,15.76,73.24,0.0,14.255,135.627,3.75,121.372,0.0,12.194
2524,105,4,0,0.0,5.64,16.24,79.35,0.0,7.566,133.943,3.75,126.377,0.0,-1.684
2525,105,5,0,0.0,5.82,17.95,79.36,0.0,9.244,137.301,3.75,128.057,0.0,3.358
2526,105,6,0,0.0,5.32,15.61,66.28,0.0,5.162,139.064,8.2,133.902,0.0,1.763
2527,105,7,0,167.39,6.47,18.79,73.72,83.694,17.147,149.604,8.2,48.763,83.694,10.54
2528,105,8,0,405.6,6.4,18.9,61.1,202.8,16.142,199.34,8.2,-19.602,119.106,49.736
2529,105,9,0,619.84,6.38,22.36,62.99,309.922,15.949,196.403,6.1,-129.468,107.122,-2.937
2530,105,10,0,831.99,7.2,24.24,53.85,415.994,30.424,193.504,6.1,-252.914,106.072,-2.899
2531,105,11,0,966.56,7.66,26.3,59.22,480.769,41.592,197.103,6.1,-325.258,64.775,3.599
2532,105,12,0,1008.89,7.6,25.36,42.49,500.0,39.949,176.455,6.1,-363.494,19.231,-20.648
2533,105,13,0,959.49,7.57,28.06,41.93,473.866,39.28,168.823,6.1,-344.323,-26.134,-7.632
2534,105,14,0,820.2,7.08,29.18,41.32,403.239,28.044,154.121,6.1,-277.162,-70.627,-14.702
2535,105,15,0,646.45,6.84,25.78,30.44,322.211,23.238,147.304,6.1,-198.145,-81.028,-6.817
2536,105,16,0,396.56,6.06,28.29,34.56,195.673,11.817,146.769,6.1,-60.721,-126.538,-0.535
2537,105,17,0,158.42,5.88,28.1,34.08,78.229,9.843,161.272,6.1,73.2,-117.444,14.503
2538,105,18,0,0.0,5.51,25.69,34.6,0.0,6.533,192.365,9.5,185.832,-78.229,31.093
2539,105,19,0,0.0,5.72,23.3,38.22,0.0,8.277,180.031,9.5,171.754,0.0,-12.334
2540,105,20,0,0.0,5.02,24.44,51.67,0.0,3.416,186.571,9.5,183.155,0.0,6.54
2541,105,21,0,0.0,5.43,20.32,46.23,0.0,5.884,176.736,9.5,170.852,0.0,-9.835
2542,105,22,0,0.0,5.7,19.99,58.4,0.0,8.111,153.342,6.1,145.231,0.0,-23.394
2543,105,23,0,0.0,6.34,18.71,62.06,0.0,15.285,137.021,6.1,121.736,0.0,-16.321
2544,106,0,1,0.0,6.31,18.51,56.62,0.0,14.865,122.387,3.75,107.522,0.0,-14.634
2545,106,1,1,0.0,6.71,15.95,72.26,0.0,21.079,118.547,3.75,97.468,0.0,-3.84
2546,106,2,1,0.0,7.0,15.28,63.84,0.0,26.332,132.856,3.75,106.524,0.0,14.309
2547,106,3,1,0.0,6.55,16.01,78.09,0.0,18.378,141.099,3.75,122.721,0.0,8.243
2548,106,4,1,0.0,6.58,17.31,71.96,0.0,18.83,143.046,3.75,124.216,0.0,1.947
2549,106,5,1,0.0,7.22,19.44,74.37,0.0,30.873,123.016,3.75,92.143,0.0,-20.03
2550,106,6,1,0.0,7.13,15.84,64.55,0.0,28.902,149.191,8.2,120.289,0.0,26.175
2551,106,7,1,153.57,6.81,19.27,69.88,76.785,22.813,167.771,8.2,68.173,76.785,18.58
2552,106,8,1,356.78,7.29,19.04,70.56,178.39,32.428,186.403,8.2,-24.415,101.605,18.632
2553,106,9,1,519.59,6.61,23.12,55.33,259.794,19.306,180.082,6.1,-99.018,81.404,-6.321
2554,106,10,1,694.7,6.16,22.32,51.36,347.348,13.02,184.194,6.1,-176.174,87.554,4.112
2555,106,11,1,796.25,5.53,24.09,52.55,398.125,6.649,204.727,6.1,-200.047,50.777,20.533
2556,106,12,1,773.88,4.88,25.43,47.88,386.276,2.756,179.531,6.1,-209.501,-11.849,-25.196
2557,106,13,1,778.75,4.79,27.0,26.25,386.258,2.348,159.543,6.1,-229.063,-0.018,-19.988
2558,106,14,1,721.92,4.85,28.08,49.77,356.516,2.595,152.792,6.1,-206.319,-29.742,-6.751
2559,106,15,1,587.74,5.6,28.48,38.85,289.786,7.209,161.707,6.1,-135.288,-66.73,8.915
2560,106,16,1,378.85,6.88,27.68,39.18,187.39,24.009,156.999,6.1,-54.4,-102.396,-4.708
2561,106,17,1,160.87,7.22,25.5,34.82,80.274,30.848,175.955,6.1,64.833,-107.116,18.956
2562,106,18,1,0.0,6.73,27.01,26.55,0.0,21.282,176.333,9.5,155.051,-80.274,0.378
2563,106,19,1,0.0,5.98,24.83,44.91,0.0,10.896,173.94,9.5,163.044,0.0,-2.393
2564,106,20,1,0.0,7.07,24.84,41.61,0.0,27.832,193.656,9.5,165.824,0.0,19.716
2565,106,21,1,0.0,6.99,21.05,53.09,0.0,26.051,172.238,9.5,146.187,0.0,-21.418
2566,106,22,1,0.0,6.96,18.42,53.69,0.0,25.516,150.513,6.1,124.997,0.0,-21.725
2567,106,23,1,0.0,7.9,18.85,61.6,0.0,48.341,135.214,6.1,86.873,0.0,-15.299
2568,107,0,2,0.0,8.31,19.35,60.35,0.0,61.511,133.027,3.75,71.516,0.0,-2.187
2569,107,1,2,0.0,7.93,17.03,74.33,0.0,49.341,126.598,3.75,77.257,0.0,-6.429
2570,107,2,2,0.0,8.54,16.0,65.19,0.0,69.838,132.384,3.75,62.546,0.0,5.786
2571,107,3,2,0.0,7.61,14.99,87.79,0.0,40.312,121.402,3.75,81.09,0.0,-10.982
2572,107,4,2,0.0,6.81,18.35,88.43,0.0,22.673,131.837,3.75,109.164,0.0,10.435
2573,107,5,2,0.0,5.94,15.6,84.11,0.0,10.426,143.429,3.75,133.003,0.0,11.592
2574,107,6,2,0.0,5.53,16.92,79.97,0.0,6.633,148.268,8.2,141.635,0.0,4.839
2575,107,7,2,177.8,5.9,19.72,68.63,88.899,10.038,166.953,8.2,68.016,88.899,18.685
2576,107,8,2,403.21,6.34,18.25,72.0,201.606,15.353,178.007,8.2,-38.952,112.707,11.054
2577,107,9,2,608.1,5.53,23.56,59.6,304.049,6.678,197.069,6.1,-113.658,102.443,19.062
2578,107,10,2,821.91,5.84,24.34,45.68,410.956,9.442,187.546,6.1,-232.852,106.907,-9.523
2579,107,11,2,982.07,5.98,26.11,58.84,488.849,10.863,198.825,6.1,-300.887,77.893,11.279
2580,107,12,2,984.4,5.87,26.95,51.77,488.369,9.698,186.467,6.1,-311.6,-0.48,-12.358
2581,107,13,2,964.08,5.64,27.04,40.67,478.115,7.593,169.795,6.1,-315.913,-10.254,-16.672
2582,107,14,2,826.5,5.61,26.55,30.33,410.68,7.314,165.197,6.1,-252.797,-67.435,-4.598
2583,107,15,2,636.79,6.24,27.87,32.16,314.746,13.941,155.644,6.1,-173.043,-95.934,-9.553
2584,107,16,2,408.4,5.79,26.66,24.07,202.846,8.904,158.199,6.1,-53.551,-111.9,2.555
2585,107,17,2,177.45,6.13,27.81,41.35,87.728,12.604,178.351,6.1,78.019,-115.118,20.152
2586,107,18,2,0.0,5.28,27.24,28.06,0.0,4.906,188.837,9.5,183.931,-87.728,10.486
2587,107,19,2,0.0,6.01,26.81,42.58,0.0,11.197,183.813,9.5,172.616,0.0,-5.024
2588,107,20,2,0.0,5.74,24.03,39.94,0.0,8.492,177.494,9.5,169.002,0.0,-6.319
2589,107,21,2,0.0,5.45,23.14,41.26,0.0,6.023,167.569,9.5,161.546,0.0,-9.925
2590,107,22,2,0.0,4.96,20.12,56.43,0.0,3.107,148.748,6.1,145.641,0.0,-18.821
2591,107,23,2,0.0,5.17,18.46,58.17,0.0,4.217,151.569,6.1,147.352,0.0,2.821
2592,108,0,3,0.0,5.71,18.5,70.03,0.0,8.209,123.831,3.75,115.622,0.0,-27.738
2593,108,1,3,0.0,5.72,16.51,61.54,0.0,8.256,121.974,3.75,113.718,0.0,-1.857
2594,108,2,3,0.0,5.03,16.7,67.78,0.0,3.465,115.74,3.75,112.275,0.0,-6.234
2595,108,3,3,0.0,5.83,14.9,59.99,0.0,9.29,131.975,3.75,122.685,0.0,16.235
2596,108,4,3,0.0,5.92,15.32,61.89,0.0,10.276,126.53,3.75,116.254,0.0,-5.445
2597,108,5,3,0.0,5.15,17.74,85.11,0.0,4.086,134.98,3.75,130.894,0.0,8.45
2598,108,6,3,0.0,5.34,18.99,84.82,0.0,5.281,158.839,8.2,153.558,0.0,23.859
2599,108,7,3,165.23,4.72,17.99,69.7,82.614,2.094,170.805,8.2,86.097,82.614,11.966
2600,108,8,3,380.2,6.15,21.42,60.06,190.1,12.891,162.636,8.2,-40.355,107.486,-8.169
2601,108,9,3,624.32,6.36,21.53,58.39,312.16,15.667,192.602,6.1,-135.225,122.06,29.966
2602,108,10,3,805.11,5.77,23.74,60.24,402.555,8.728,199.108,6.1,-212.175,90.395,6.506
2603,108,11,3,929.11,6.47,26.87,46.74,461.078,17.226,191.519,6.1,-286.785,58.523,-7.589
2604,108,12,3,1004.41,6.06,27.38,46.43,497.414,11.838,185.252,6.1,-324.0,36.336,-6.267
2605,108,13,3,924.3,6.07,28.32,40.78,456.009,11.855,156.933,6.1,-310.931,-41.405,-28.319
2606,108,14,3,771.48,5.82,30.26,34.27,377.627,9.184,138.942,6.1,-247.869,-78.382,-17.991
2607,108,15,3,587.93,5.2,27.33,32.52,291.231,4.371,150.749,6.1,-144.853,-86.396,11.807
2608,108,16,3,385.28,4.6,26.78,36.76,191.264,1.68,165.807,6.1,-27.137,-99.967,15.058
2609,108,17,3,155.78,5.11,26.5,29.82,77.42,3.874,148.19,6.1,66.896,-113.844,-17.617
2610,108,18,3,0.0,4.92,26.11,40.39,0.0,2.918,177.38,9.5,174.462,-77.42,29.19
2611,108,19,3,0.0,4.89,22.35,38.03,0.0,2.767,172.476,9.5,169.709,0.0,-4.904
2612,108,20,3,0.0,5.47,23.48,45.76,0.0,6.225,180.285,9.5,174.06,0.0,7.809
2613,108,21,3,0.0,5.34,21.52,58.13,0.0,5.303,184.684,9.5,179.381,0.0,4.399
2614,108,22,3,0.0,5.65,21.56,53.99,0.0,7.627,151.416,6.1,143.789,0.0,-33.268
2615,108,23,3,0.0,6.63,19.59,65.7,0.0,19.718,138.499,6.1,118.781,0.0,-12.917
2616,109,0,4,0.0,6.84,17.35,54.25,0.0,23.254,128.012,3.75,104.758,0.0,-10.487
2617,109,1,4,0.0,6.33,17.82,66.32,0.0,15.185,122.026,3.75,106.841,0.0,-5.986
2618,109,2,4,0.0,5.95,17.38,72.49,0.0,10.539,121.48,3.75,110.941,0.0,-0.546
2619,109,3,4,0.0,6.18,15.39,85.86,0.0,13.205,133.474,3.75,120.269,0.0,11.994
2620,109,4,4,0.0,5.71,15.92,63.24,0.0,8.185,135.196,3.75,127.011,0.0,1.722
2621,109,5,4,0.0,6.13,14.44,73.74,0.0,12.565,142.509,3.75,129.944,0.0,7.313
2622,109,6,4,0.0,7.75,16.76,81.06,0.0,44.201,151.546,8.2,107.345,0.0,9.037
2623,109,7,4,158.92,7.3,18.42,64.43,79.461,32.774,164.935,8.2,52.7,79.461,13.389
2624,109,8,4,366.81,7.1,20.84,63.72,183.405,28.335,189.999,8.2,-21.741,103.944,25.064
2625,109,9,4,573.48,7.46,21.17,62.17,286.74,36.418,191.17,6.1,-131.988,103.335,1.171
2626,109,10,4,784.23,6.71,23.25,56.11,392.115,21.064,207.952,6.1,-205.227,105.375,16.782
2627,109,11,4,946.53,7.27,23.84,59.22,473.264,31.977,185.856,6.1,-319.385,81.149,-22.096
2628,109,12,4,956.85,7.42,26.76,47.69,475.065,35.497,195.437,6.1,-315.125,1.801,9.581
2629,109,13,4,909.87,6.87,28.02,48.82,449.446,23.889,175.184,6.1,-298.151,-25.619,-20.253
2630,109,14,4,789.26,6.85,28.59,35.52,388.967,23.394,153.84,6.1,-258.521,-60.479,-21.344
2631,109,15,4,584.16,6.81,28.32,31.24,288.195,22.743,162.623,6.1,-148.315,-100.772,8.783
2632,109,16,4,371.68,6.51,26.25,33.65,184.909,17.8,158.344,6.1,-44.365,-103.286,-4.279
2633,109,17,4,158.02,8.21,26.76,28.73,78.455,58.15,174.255,6.1,37.65,-106.454,15.911
2634,109,18,4,0.0,8.34,26.06,40.58,0.0,62.81,180.233,9.5,117.423,-78.455,5.978
2635,109,19,4,0.0,8.47,24.82,38.54,0.0,67.52,186.792,9.5,119.272,0.0,6.559
2636,109,20,4,0.0,8.11,23.95,40.97,0.0,54.93,189.755,9.5,134.825,0.0,2.963
2637,109,21,4,0.0,8.19,24.02,52.82,0.0,57.611,173.167,9.5,115.556,0.0,-16.588
2638,109,22,4,0.0,8.35,21.73,48.14,0.0,63.131,144.149,6.1,81.018,0.0,-29.018
2639,109,23,4,0.0,7.58,18.12,64.8,0.0,39.471,130.812,6.1,91.341,0.0,-13.337
2640,110,0,5,0.0,7.1,19.02,62.13,0.0,28.316,96.782,3.75,68.466,0.0,-34.03
2641,110,1,5,0.0,6.7,18.02,76.1,0.0,20.82,97.797,3.75,76.977,0.0,1.015
2642,110,2,5,0.0,6.65,15.68,69.96,0.0,20.01,90.704,3.75,70.694,0.0,-7.093
2643,110,3,5,0.0,6.95,17.46,78.11,0.0,25.349,111.062,3.75,85.713,0.0,20.358
2644,110,4,5,0.0,6.36,16.46,76.08,0.0,15.651,109.021,3.75,93.37,0.0,-2.041
2645,110,5,5,0.0,6.96,15.56,78.78,0.0,25.496,104.356,3.75,78.86,0.0,-4.665
2646,110,6,5,0.0,6.92,18.75,72.98,0.0,24.778,113.298,8.2,88.52,0.0,8.942
2647,110,7,5,166.69,6.96,19.7,59.16,83.345,25.593,128.992,8.2,20.054,83.345,15.694
2648,110,8,5,394.39,7.43,20.62,71.05,197.196,35.808,139.827,8.2,-93.177,113.851,10.835
2649,110,9,5,664.99,7.49,22.4,59.65,332.494,37.147,161.267,6.1,-208.374,135.298,21.44
2650,110,10,5,827.15,6.8,23.13,59.74,413.577,22.559,162.402,6.1,-273.734,81.083,1.135
2651,110,11,5,887.56,6.79,26.18,53.97,441.694,22.319,151.789,6.1,-312.224,28.117,-10.613
2652,110,12,5,969.4,6.47,26.63,40.36,481.533,17.248,148.923,6.1,-349.858,39.839,-2.866
2653,110,13,5,896.67,7.1,27.84,35.37,443.244,28.304,140.287,6.1,-331.261,-38.289,-8.636
2654,110,14,5,776.18,7.15,28.67,41.61,382.396,29.386,126.51,6.1,-285.272,-60.848,-13.777
2655,110,15,5,583.44,7.6,27.06,33.86,289.32,39.975,126.896,6.1,-202.399,-93.076,0.386
2656,110,16,5,375.61,7.08,27.17,40.62,186.179,27.95,132.325,6.1,-81.804,-103.141,5.429
2657,110,17,5,154.24,7.05,24.99,34.61,77.12,27.26,139.616,6.1,35.236,-109.059,7.291
2658,110,18,5,0.0,7.1,27.36,43.82,0.0,28.265,137.393,9.5,109.128,-77.12,-2.223
2659,110,19,5,0.0,7.73,23.99,43.4,0.0,43.653,141.112,9.5,97.459,0.0,3.719
2660,110,20,5,0.0,7.6,24.16,46.73,0.0,40.014,139.831,9.5,99.817,0.0,-1.281
2661,110,21,5,0.0,7.66,22.89,47.58,0.0,41.608,126.187,9.5,84.579,0.0,-13.644
2662,110,22,5,0.0,7.5,21.61,56.39,0.0,37.501,107.678,6.1,70.177,0.0,-18.509
2663,110,23,5,0.0,7.23,18.0,67.33,0.0,31.247,114.111,6.1,82.864,0.0,6.433
2664,111,0,6,0.0,6.62,18.26,64.67,0.0,19.5,97.396,3.75,77.896,0.0,-16.715
2665,111,1,6,0.0,6.34,19.39,72.33,0.0,15.371,84.345,3.75,68.974,0.0,-13.051
2666,111,2,6,0.0,6.16,18.84,72.6,0.0,12.999,94.181,3.75,81.182,0.0,9.836
2667,111,3,6,0.0,7.03,17.76,75.07,0.0,26.963,96.867,3.75,69.904,0.0,2.686
2668,111,4,6,0.0,6.98,17.19,85.34,0.0,25.945,103.978,3.75,78.033,0.0,7.111
2669,111,5,6,0.0,6.78,16.18,81.53,0.0,22.24,100.716,3.75,78.476,0.0,-3.262
2670,111,6,6,0.0,6.33,19.2,72.8,0.0,15.164,108.256,8.2,93.092,0.0,7.54
2671,111,7,6,156.91,6.34,19.39,70.43,78.453,15.39,134.984,8.2,41.141,78.453,26.728
2672,111,8,6,363.84,6.01,21.7,60.79,181.92,11.21,130.223,8.2,-62.907,103.467,-4.761
2673,111,9,6,582.76,6.36,21.82,59.14,291.382,15.662,149.371,6.1,-157.673,109.462,19.148
2674,111,10,6,752.9,6.21,23.92,56.86,376.452,13.607,151.931,6.1,-238.128,85.07,2.56
2675,111,11,6,880.64,7.03,25.78,54.93,438.954,27.025,150.536,6.1,-315.443,62.502,-1.395
2676,111,12,6,972.25,6.42,27.12,49.5,482.008,16.417,145.535,6.1,-352.89,43.054,-5.001
2677,111,13,6,940.59,6.8,28.37,34.2,463.959,22.65,146.505,6.1,-340.104,-18.049,0.97
2678,111,14,6,763.61,7.16,27.68,43.54,377.714,29.678,113.26,6.1,-294.132,-86.245,-33.245
2679,111,15,6,596.31,6.47,26.97,35.15,295.812,17.121,130.699,6.1,-182.234,-81.902,17.439
2680,111,16,6,395.77,6.32,30.32,29.08,193.672,15.064,107.486,6.1,-101.25,-102.14,-23.213
2681,111,17,6,166.05,6.36,30.76,43.7,81.109,15.621,146.878,6.1,50.148,-112.563,39.392
2682,111,18,6,0.0,5.69,27.36,46.46,0.0,8.026,127.294,9.5,119.268,-81.109,-19.584
2683,111,19,6,0.0,4.97,23.99,42.44,0.0,3.163,166.038,9.5,162.875,0.0,38.744
2684,111,20,6,0.0,4.63,23.2,49.25,0.0,1.769,139.035,9.5,137.266,0.0,-27.003
2685,111,21,6,0.0,4.14,23.19,54.43,0.0,0.606,142.175,9.5,141.569,0.0,3.14
2686,111,22,6,0.0,4.11,22.63,63.37,0.0,0.561,128.148,6.1,127.587,0.0,-14.027
2687,111,23,6,0.0,5.56,18.12,64.54,0.0,6.873,105.221,6.1,98.348,0.0,-22.927
2688,112,0,0,0.0,5.73,18.32,57.03,0.0,8.329,118.454,3.75,110.125,0.0,13.233
2689,112,1,0,0.0,5.95,17.75,81.2,0.0,10.57,115.193,3.75,104.623,0.0,-3.261
2690,112,2,0,0.0,5.42,17.95,78.71,0.0,5.839,129.534,3.75,123.695,0.0,14.341
2691,112,3,0,0.0,5.79,16.3,71.26,0.0,8.969,122.709,3.75,113.74,0.0,-6.825
2692,112,4,0,0.0,5.7,15.04,68.82,0.0,8.109,124.906,3.75,116.797,0.0,2.197
2693,112,5,0,0.0,7.61,18.26,77.35,0.0,40.435,144.538,3.75,104.103,0.0,19.632
2694,112,6,0,0.0,7.37,19.82,70.65,0.0,34.319,145.522,8.2,111.203,0.0,0.984
2695,112,7,0,155.24,7.85,19.61,71.12,77.619,47.04,165.119,8.2,40.46,77.619,19.597
2696,112,8,0,373.02,7.27,21.64,69.46,186.512,32.05,183.57,8.2,-34.992,108.893,18.451
2697,112,9,0,588.88,7.55,22.14,56.78,294.44,38.717,188.777,6.1,-144.38,107.928,5.207
2698,112,10,0,777.27,7.35,23.25,48.3,388.634,33.797,194.225,6.1,-228.206,94.194,5.448
2699,112,11,0,868.08,6.71,26.94,52.14,430.67,21.03,206.568,6.1,-245.132,42.036,12.343
2700,112,12,0,937.79,6.76,27.42,41.8,464.357,21.838,182.385,6.1,-303.81,33.687,-24.183
2701,112,13,0,860.93,6.27,28.5,41.73,424.447,14.418,168.579,6.1,-270.286,-39.91,-13.806
2702,112,14,0,771.67,5.88,30.31,29.62,377.642,9.846,160.233,6.1,-227.255,-46.805,-8.346
2703,112,15,0,617.19,7.36,27.44,34.17,305.576,34.032,162.231,6.1,-177.377,-72.066,1.998
2704,112,16,0,394.41,7.06,27.84,39.29,194.962,27.477,155.322,6.1,-67.117,-110.614,-6.909
2705,112,17,0,165.81,7.18,28.1,39.32,81.88,30.065,177.454,6.1,65.509,-113.082,22.132
2706,112,18,0,0.0,6.77,26.28,32.95,0.0,21.973,186.224,9.5,164.251,-81.88,8.77
2707,112,19,0,0.0,7.35,26.65,33.85,0.0,33.841,173.6,9.5,139.759,0.0,-12.624
2708,112,20,0,0.0,6.89,24.04,45.09,0.0,24.238,196.629,9.5,172.391,0.0,23.029
2709,112,21,0,0.0,7.46,21.52,53.19,0.0,36.515,180.753,9.5,144.238,0.0,-15.876
2710,112,22,0,0.0,8.4,21.24,57.43,0.0,64.935,146.791,6.1,81.856,0.0,-33.962
2711,112,23,0,0.0,8.5,19.92,57.1,0.0,68.491,130.417,6.1,61.926,0.0,-16.374
2712,113,0,1,0.0,8.54,19.72,66.79,0.0,70.005,123.181,3.75,53.176,0.0,-7.236
2713,113,1,1,0.0,8.74,18.12,78.16,0.0,78.025,110.508,3.75,32.483,0.0,-12.673
2714,113,2,1,0.0,7.87,17.6,73.55,0.0,47.415,134.174,3.75,86.759,0.0,23.666
2715,113,3,1,0.0,8.19,17.23,64.52,0.0,57.498,122.375,3.75,64.877,0.0,-11.799
2716,113,4,1,0.0,7.8,16.82,76.22,0.0,45.557,144.459,3.75,98.902,0.0,22.084
2717,113,5,1,0.0,7.63,16.79,86.58,0.0,40.895,133.673,3.75,92.778,0.0,-10.786
2718,113,6,1,0.0,7.36,18.95,64.6,0.0,34.111,151.832,8.2,117.721,0.0,18.159
2719,113,7,1,156.14,7.97,19.44,69.32,78.069,50.476,177.923,8.2,49.378,78.069,26.091
2720,113,8,1,370.81,7.49,23.32,63.64,185.407,37.361,180.164,8.2,-42.604,107.338,2.241
2721,113,9,1,609.62,7.14,24.45,60.75,304.81,29.291,196.132,6.1,-137.969,119.403,15.968
2722,113,10,1,744.38,7.78,25.15,56.17,371.96,44.885,206.939,6.1,-209.906,67.15,10.807
2723,113,11,1,866.5,7.16,26.3,56.66,431.002,29.701,189.879,6.1,-270.824,59.042,-17.06
2724,113,12,1,889.67,7.24,26.98,45.51,441.313,31.417,173.962,6.1,-298.768,10.311,-15.917
2725,113,13,1,842.71,6.97,26.52,48.52,418.783,25.733,159.821,6.1,-284.695,-22.53,-14.141
2726,113,14,1,710.74,6.97,28.38,36.97,350.569,25.75,166.334,6.1,-209.985,-68.214,6.513
2727,113,15,1,547.16,6.64,28.96,33.58,269.243,19.876,161.738,6.1,-127.381,-81.326,-4.596
2728,113,16,1,375.87,6.94,28.91,30.98,184.995,25.158,172.119,6.1,-38.034,-84.248,10.381
2729,113,17,1,152.66,6.29,28.6,24.78,75.228,14.615,171.879,6.1,82.036,-109.767,-0.24
2730,113,18,1,0.0,6.77,28.19,39.33,0.0,22.03,172.769,9.5,150.739,-75.228,0.89
2731,113,19,1,0.0,6.32,25.01,53.18,0.0,15.017,169.125,9.5,154.108,0.0,-3.644
2732,113,20,1,0.0,6.55,23.58,47.75,0.0,18.362,205.256,9.5,186.894,0.0,36.131
2733,113,21,1,0.0,6.37,24.58,53.94,0.0,15.694,173.316,9.5,157.622,0.0,-31.94
2734,113,22,1,0.0,6.58,22.21,52.52,0.0,18.937,154.32,6.1,135.383,0.0,-18.996
2735,113,23,1,0.0,7.57,19.37,58.71,0.0,39.392,141.654,6.1,102.262,0.0,-12.666
2736,114,0,2,0.0,7.57,18.6,70.91,0.0,39.195,109.937,3.75,70.742,0.0,-31.717
2737,114,1,2,0.0,8.04,17.65,81.19,0.0,52.694,115.587,3.75,62.893,0.0,5.65
2738,114,2,2,0.0,7.54,17.21,81.25,0.0,38.44,137.238,3.75,98.798,0.0,21.651
2739,114,3,2,0.0,7.83,17.54,79.15,0.0,46.274,131.421,3.75,85.147,0.0,-5.817
2740,114,4,2,0.0,7.23,20.22,75.21,0.0,31.19,125.41,3.75,94.22,0.0,-6.011
2741,114,5,2,0.0,7.27,18.0,75.58,0.0,32.122,130.49,3.75,98.368,0.0,5.08
2742,114,6,2,0.0,7.59,19.52,67.8,0.0,39.723,148.643,8.2,108.92,0.0,18.153
2743,114,7,2,151.61,6.52,17.95,60.45,75.804,17.995,165.305,8.2,71.506,75.804,16.662
2744,114,8,2,372.48,6.38,20.84,58.24,186.241,15.956,199.19,8.2,-3.007,110.437,33.885
2745,114,9,2,609.48,6.21,24.45,60.48,304.741,13.645,192.499,6.1,-125.887,118.5,-6.691
2746,114,10,2,819.46,6.47,25.01,53.25,409.719,17.142,188.732,6.1,-238.129,104.978,-3.767
2747,114,11,2,924.36,6.34,20.7,41.01,462.18,15.342,193.909,6.1,-283.613,52.461,5.177
2748,114,12,2,957.96,6.9,28.02,44.78,473.19,24.386,186.218,6.1,-311.358,11.01,-7.691
2749,114,13,2,936.56,7.11,30.47,38.95,458.032,28.64,161.291,6.1,-325.381,-15.158,-24.927
2750,114,14,2,819.2,7.53,26.37,30.64,407.351,38.138,164.925,6.1,-280.564,-50.681,3.634
2751,114,15,2,617.63,7.24,30.8,33.46,301.658,31.457,168.34,6.1,-164.775,-105.693,3.415
2752,114,16,2,370.63,7.5,25.44,33.07,184.99,37.601,164.777,6.1,-57.814,-116.668,-3.563
2753,114,17,2,158.43,6.97,29.29,31.98,77.852,25.696,167.74,6.1,64.192,-107.138,2.963
2754,114,18,2,0.0,8.55,27.2,43.24,0.0,70.319,180.031,9.5,109.712,-77.852,12.291
2755,114,19,2,0.0,7.87,23.15,29.44,0.0,47.518,174.724,9.5,127.206,0.0,-5.307
2756,114,20,2,0.0,7.66,25.06,33.09,0.0,41.563,181.288,9.5,139.725,0.0,6.564
2757,114,21,2,0.0,8.09,24.35,49.84,0.0,54.293,171.63,9.5,117.337,0.0,-9.658
2758,114,22,2,0.0,7.89,21.86,55.58,0.0,48.049,146.092,6.1,98.043,0.0,-25.538
2759,114,23,2,0.0,7.47,20.67,62.6,0.0,36.846,154.978,6.1,118.132,0.0,8.886
2760,115,0,3,0.0,7.69,18.36,61.77,0.0,42.32,127.763,3.75,85.443,0.0,-27.215
2761,115,1,3,0.0,7.01,15.67,63.63,0.0,26.451,107.641,3.75,81.19,0.0,-20.122
2762,115,2,3,0.0,6.39,18.13,72.28,0.0,15.98,109.151,3.75,93.171,0.0,1.51
2763,115,3,3,0.0,6.25,19.2,71.67,0.0,14.191,118.321,3.75,104.13,0.0,9.17
2764,115,4,3,0.0,6.87,18.66,84.31,0.0,23.762,144.144,3.75,120.382,0.0,25.823
2765,115,5,3,0.0,7.09,15.52,72.37,0.0,28.226,147.475,3.75,119.249,0.0,3.331
2766,115,6,3,0.0,7.06,17.04,72.0,0.0,27.479,165.806,8.2,138.327,0.0,18.331
2767,115,7,3,155.75,6.55,19.09,83.99,77.875,18.371,167.961,8.2,71.715,77.875,2.155
2768,115,8,3,378.8,6.55,19.64,63.83,189.401,18.385,181.177,8.2,-26.609,111.526,13.216
2769,115,9,3,610.48,6.58,23.15,63.51,305.239,18.873,184.085,6.1,-140.027,115.838,2.908
2770,115,10,3,818.75,6.48,25.13,58.88,409.17,17.274,201.107,6.1,-225.337,103.931,17.022
2771,115,11,3,956.48,6.21,24.38,54.21,478.24,13.673,192.868,6.1,-299.045,69.07,-8.239
2772,115,12,3,985.87,6.0,28.28,46.74,486.478,11.12,182.282,6.1,-315.316,8.238,-10.586
2773,115,13,3,932.3,5.32,29.02,42.02,458.657,5.146,184.532,6.1,-279.271,-27.821,2.25
2774,115,14,3,793.88,5.28,28.24,38.28,391.8,4.868,160.747,6.1,-235.921,-66.857,-23.785
2775,115,15,3,663.3,5.68,28.89,32.23,326.483,7.912,169.365,6.1,-165.03,-65.317,8.618
2776,115,16,3,425.72,5.37,26.56,36.95,211.534,5.483,151.014,6.1,-66.003,-114.949,-18.351
2777,115,17,3,176.27,4.95,27.9,47.85,87.114,3.053,195.675,6.1,105.508,-124.42,44.661
2778,115,18,3,0.0,5.21,27.35,44.94,0.0,4.471,181.333,9.5,176.862,-87.114,-14.342
2779,115,19,3,0.0,5.86,26.3,42.68,0.0,9.582,193.71,9.5,184.128,0.0,12.377
2780,115,20,3,0.0,5.22,25.11,50.13,0.0,4.527,189.345,9.5,184.818,0.0,-4.365
2781,115,21,3,0.0,4.92,23.39,44.61,0.0,2.929,165.217,9.5,162.288,0.0,-24.128
2782,115,22,3,0.0,5.21,21.23,53.44,0.0,4.461,159.865,6.1,155.404,0.0,-5.352
2783,115,23,3,0.0,6.19,20.44,65.86,0.0,13.34,146.471,6.1,133.131,0.0,-13.394
2784,116,0,4,0.0,6.3,20.19,73.92,0.0,14.788,115.764,3.75,100.976,0.0,-30.707
2785,116,1,4,0.0,6.32,17.92,64.52,0.0,15.009,116.417,3.75,101.408,0.0,0.653
2786,116,2,4,0.0,7.8,17.81,69.42,0.0,45.417,123.736,3.75,78.319,0.0,7.319
2787,116,3,4,0.0,8.3,17.0,87.41,0.0,61.238,125.315,3.75,64.077,0.0,1.579
2788,116,4,4,0.0,7.88,16.66,75.58,0.0,47.804,142.752,3.75,94.948,0.0,17.437
2789,116,5,4,0.0,8.62,18.66,85.26,0.0,72.993,146.02,3.75,73.027,0.0,3.268
2790,116,6,4,0.0,8.64,18.32,73.56,0.0,73.869,152.308,8.2,78.439,0.0,6.288
2791,116,7,4,172.65,8.05,20.69,70.62,86.323,52.872,172.789,8.2,33.594,86.323,20.481
2792,116,8,4,393.28,7.31,21.71,63.17,196.64,32.889,166.546,8.2,-62.983,110.317,-6.243
2793,116,9,4,604.26,6.75,22.86,65.83,302.129,21.707,189.213,6.1,-134.623,105.489,22.667
2794,116,10,4,815.31,6.58,24.39,63.15,407.653,18.849,200.684,6.1,-225.818,105.524,11.471
2795,116,11,4,956.25,6.04,25.62,43.61,476.942,11.606,203.431,6.1,-285.117,69.289,2.747
2796,116,12,4,1012.2,7.11,25.49,42.89,500.0,28.635,185.825,6.1,-342.81,23.058,-17.606
2797,116,13,4,952.2,6.66,28.88,46.35,468.707,20.177,183.316,6.1,-305.568,-31.293,-2.509
2798,116,14,4,836.76,7.46,29.3,36.9,411.184,36.442,168.76,6.1,-278.866,-57.523,-14.556
2799,116,15,4,624.8,7.5,30.25,32.72,305.843,37.492,154.868,6.1,-188.467,-105.341,-13.892
2800,116,16,4,392.9,8.14,28.39,41.06,193.789,55.79,162.657,6.1,-86.922,-112.054,7.789
2801,116,17,4,171.85,7.27,30.7,42.3,83.967,32.073,177.5,6.1,61.46,-109.822,14.843
2802,116,18,4,0.0,7.18,27.01,34.98,0.0,30.133,180.797,9.5,150.664,-83.967,3.297
2803,116,19,4,0.0,6.67,25.18,42.13,0.0,20.272,200.371,9.5,180.099,0.0,19.574
2804,116,20,4,0.0,7.96,23.59,37.75,0.0,50.213,173.611,9.5,123.398,0.0,-26.76
2805,116,21,4,0.0,8.41,21.15,44.45,0.0,64.995,171.786,9.5,106.791,0.0,-1.825
2806,116,22,4,0.0,7.78,23.51,55.74,0.0,45.081,159.252,6.1,114.171,0.0,-12.534
2807,116,23,4,0.0,8.63,21.87,60.36,0.0,73.37,137.046,6.1,63.676,0.0,-22.206
2808,117,0,5,0.0,8.64,19.83,59.2,0.0,73.995,90.475,3.75,16.48,0.0,-46.571
2809,117,1,5,0.0,8.45,17.08,64.85,0.0,66.56,94.613,3.75,28.053,0.0,4.138
2810,117,2,5,0.0,8.74,19.73,65.93,0.0,77.86,102.768,3.75,24.908,0.0,8.155
2811,117,3,5,0.0,8.48,16.93,77.05,0.0,67.885,94.509,3.75,26.624,0.0,-8.259
2812,117,4,5,0.0,8.74,17.23,63.19,0.0,77.71,94.145,3.75,16.435,0.0,-0.364
2813,117,5,5,0.0,8.6,19.88,68.25,0.0,72.089,118.761,3.75,46.672,0.0,24.616
2814,117,6,5,0.0,7.6,19.9,61.14,0.0,40.022,122.484,8.2,82.462,0.0,3.723
2815,117,7,5,147.63,7.27,22.99,71.66,73.817,32.072,139.111,8.2,33.222,73.817,16.627
2816,117,8,5,331.34,7.23,22.1,54.18,165.669,31.117,148.811,8.2,-47.975,91.852,9.7
2817,117,9,5,544.0,7.33,22.88,60.37,271.999,33.331,168.927,6.1,-136.403,106.33,20.116
2818,117,10,5,735.5,6.73,24.17,64.84,367.75,21.367,163.722,6.1,-225.395,95.751,-5.205
2819,117,11,5,878.97,7.05,24.14,59.86,439.487,27.306,145.987,6.1,-320.806,71.737,-17.735
2820,117,12,5,870.75,7.09,27.26,34.16,431.436,28.249,147.519,6.1,-312.166,-8.051,1.532
2821,117,13,5,848.15,7.5,29.92,42.65,415.724,37.593,129.483,6.1,-323.834,-15.712,-18.036
2822,117,14,5,758.51,7.95,29.87,31.75,371.871,50.006,122.636,6.1,-299.241,-43.853,-6.847
2823,117,15,5,562.68,8.51,29.38,28.52,276.417,68.889,112.596,6.1,-232.71,-95.454,-10.04
2824,117,16,5,360.93,8.03,27.95,34.32,178.333,52.47,125.511,6.1,-105.292,-98.084,12.915
2825,117,17,5,153.53,7.64,28.82,43.05,75.59,41.009,140.318,6.1,23.719,-102.743,14.807
2826,117,18,5,0.0,8.0,28.81,41.28,0.0,51.305,143.352,9.5,92.047,-75.59,3.034
2827,117,19,5,0.0,7.18,26.87,36.57,0.0,30.079,138.0,9.5,107.921,0.0,-5.352
2828,117,20,5,0.0,7.13,25.11,49.23,0.0,29.013,130.21,9.5,101.197,0.0,-7.79
2829,117,21,5,0.0,6.55,22.4,36.36,0.0,18.425,148.971,9.5,130.546,0.0,18.761
2830,117,22,5,0.0,6.29,22.84,50.48,0.0,14.697,122.278,6.1,107.581,0.0,-26.693
2831,117,23,5,0.0,7.5,16.59,55.23,0.0,37.606,102.305,6.1,64.699,0.0,-19.973
2832,118,0,6,0.0,6.89,19.69,65.47,0.0,24.263,98.524,3.75,74.261,0.0,-3.781
2833,118,1,6,0.0,6.36,21.36,67.93,0.0,15.648,112.779,3.75,97.131,0.0,14.255
2834,118,2,6,0.0,6.61,15.87,71.47,0.0,19.363,101.28,3.75,81.917,0.0,-11.499
2835,118,3,6,0.0,5.8,17.19,73.27,0.0,9.066,76.257,3.75,67.191,0.0,-25.023
2836,118,4,6,0.0,5.31,17.67,75.13,0.0,5.052,123.962,3.75,118.91,0.0,47.705
2837,118,5,6,0.0,5.91,17.73,77.56,0.0,10.109,94.814,3.75,84.705,0.0,-29.148
2838,118,6,6,0.0,6.41,20.48,73.22,0.0,16.282,117.697,8.2,101.415,0.0,22.883
2839,118,7,6,179.12,6.09,21.04,67.44,89.561,12.193,122.042,8.2,20.288,89.561,4.345
2840,118,8,6,415.37,6.5,22.11,67.41,207.687,17.676,136.883,8.2,-88.48,118.126,14.841
2841,118,9,6,669.47,6.58,24.43,65.13,334.736,18.887,153.835,6.1,-199.788,127.049,16.952
2842,118,10,6,877.99,5.71,25.05,51.66,438.91,8.233,138.306,6.1,-308.837,104.174,-15.529
2843,118,11,6,1023.53,4.93,30.29,49.47,500.0,2.96,151.128,6.1,-351.832,61.09,12.822
2844,118,12,6,1035.76,5.42,27.9,51.97,500.0,5.833,153.002,6.1,-352.831,0.0,1.874
2845,118,13,6,948.07,5.28,28.91,34.24,466.627,4.885,127.26,6.1,-344.252,-33.373,-25.742
2846,118,14,6,802.82,5.38,27.22,48.51,397.848,5.567,115.206,6.1,-288.209,-68.779,-12.054
2847,118,15,6,602.01,4.74,28.82,27.65,296.403,2.179,122.839,6.1,-175.743,-101.445,7.633
2848,118,16,6,393.95,5.13,30.65,32.93,192.526,4.0,125.153,6.1,-71.373,-103.877,2.314
2849,118,17,6,172.39,5.31,27.07,29.98,85.48,5.06,131.26,6.1,40.72,-107.046,6.107
2850,118,18,6,0.0,5.6,25.13,50.81,0.0,7.241,134.441,9.5,127.2,-85.48,3.181
2851,118,19,6,0.0,5.35,26.52,37.84,0.0,5.341,151.018,9.5,145.677,0.0,16.577
2852,118,20,6,0.0,4.76,26.67,41.99,0.0,2.246,147.223,9.5,144.977,0.0,-3.795
2853,118,21,6,0.0,4.48,23.53,47.6,0.0,1.331,123.613,9.5,122.282,0.0,-23.61
2854,118,22,6,0.0,5.15,21.52,55.57,0.0,4.077,112.315,6.1,108.238,0.0,-11.298
2855,118,23,6,0.0,6.24,18.25,58.21,0.0,14.048,110.04,6.1,95.992,0.0,-2.275
2856,119,0,0,0.0,5.79,19.9,64.2,0.0,8.974,113.92,3.75,104.946,0.0,3.88
2857,119,1,0,0.0,6.63,19.2,47.97,0.0,19.623,123.629,3.75,104.006,0.0,9.709
2858,119,2,0,0.0,6.77,15.66,72.66,0.0,22.038,135.292,3.75,113.254,0.0,11.663
2859,119,3,0,0.0,7.8,18.96,74.43,0.0,45.415,125.938,3.75,80.523,0.0,-9.354
2860,119,4,0,0.0,6.95,18.72,81.23,0.0,25.376,122.083,3.75,96.707,0.0,-3.855
2861,119,5,0,0.0,7.07,19.76,82.17,0.0,27.762,143.733,3.75,115.971,0.0,21.65
2862,119,6,0,0.0,7.31,20.06,71.19,0.0,32.846,151.665,8.2,118.819,0.0,7.932
2863,119,7,0,177.86,6.62,21.38,74.04,88.931,19.531,166.976,8.2,58.514,88.931,15.311
2864,119,8,0,400.49,6.06,22.67,58.39,200.247,11.764,186.979,8.2,-25.032,111.316,20.003
2865,119,9,0,599.2,5.93,24.64,64.78,299.602,10.32,199.937,6.1,-109.985,99.355,12.958
2866,119,10,0,793.96,5.97,22.97,51.57,396.982,10.763,198.944,6.1,-208.801,97.38,-0.993
2867,119,11,0,961.75,6.37,24.8,42.72,480.875,15.785,194.296,6.1,-302.364,83.893,-4.648
2868,119,12,0,1001.78,6.66,26.96,43.89,496.969,20.223,200.994,6.1,-316.198,16.094,6.698
2869,119,13,0,969.93,7.06,28.64,49.26,477.908,27.524,181.496,6.1,-323.936,-19.061,-19.498
2870,119,14,0,785.15,7.32,29.86,38.77,384.944,33.121,168.712,6.1,-249.353,-92.964,-12.784
2871,119,15,0,588.71,6.77,29.99,44.66,288.48,22.074,160.048,6.1,-150.506,-96.464,-8.664
2872,119,16,0,361.53,7.99,30.73,30.51,176.618,51.283,155.962,6.1,-71.939,-111.862,-4.086
2873,119,17,0,143.71,7.42,30.17,41.97,70.367,35.61,183.497,6.1,77.52,-106.251,27.535
2874,119,18,0,0.0,7.36,26.79,33.77,0.0,34.21,185.799,9.5,151.589,-70.367,2.302
2875,119,19,0,0.0,7.37,26.88,42.21,0.0,34.382,183.768,9.5,149.386,0.0,-2.031
2876,119,20,0,0.0,7.81,24.13,46.3,0.0,45.837,180.793,9.5,134.956,0.0,-2.975
2877,119,21,0,0.0,8.2,23.37,53.79,0.0,57.831,161.766,9.5,103.935,0.0,-19.027
2878,119,22,0,0.0,7.83,22.43,56.5,0.0,46.333,162.042,6.1,115.709,0.0,0.276
2879,119,23,0,0.0,7.85,16.51,55.74,0.0,47.068,145.215,6.1,98.147,0.0,-16.827
